timestamp,real,sarima_pred,naive_pred
2023-10-20 00:00:00,1060.0,1045.0686135970593,1098.0
2023-10-20 01:00:00,1015.0,1035.8972660874044,1051.0
2023-10-20 02:00:00,1023.0,1034.2036425932445,1054.0
2023-10-20 03:00:00,1012.0,1019.7823736121371,1073.0
2023-10-20 04:00:00,991.0,1027.8589285012695,1027.0
2023-10-20 05:00:00,1046.0,1042.7887211438194,1084.0
2023-10-20 06:00:00,1356.0,1386.6480893349997,1462.0
2023-10-20 07:00:00,1555.0,1551.2668664326989,1587.0
2023-10-20 08:00:00,1754.0,1715.7404297594246,1712.0
2023-10-20 09:00:00,1910.0,1890.9906532026039,1769.0
2023-10-20 10:00:00,1954.0,1959.928942439177,1834.0
2023-10-20 11:00:00,1950.0,2027.9314196351118,1860.0
2023-10-20 12:00:00,1911.0,2118.6702429052903,1934.0
2023-10-20 13:00:00,1837.0,2062.074769705954,1930.0
2023-10-20 14:00:00,1619.0,1906.4820247000735,1855.0
2023-10-20 15:00:00,1473.0,1775.7183128361658,1752.0
2023-10-20 16:00:00,1473.0,1813.758198487115,1740.0
2023-10-20 17:00:00,1288.0,1728.455207446801,1615.0
2023-10-20 18:00:00,1290.0,1613.6749368291983,1590.0
2023-10-20 19:00:00,1300.0,1483.5619312808158,1577.0
2023-10-20 20:00:00,1278.0,1323.0809255882973,1447.0
2023-10-20 21:00:00,1115.0,1158.5601526626126,1221.0
2023-10-20 22:00:00,1053.0,1094.137061905267,1184.0
2023-10-20 23:00:00,1039.5,1070.5606714188525,1143.0
2023-10-21 00:00:00,1026.0,1041.5990853242345,1102.0
2023-10-21 01:00:00,962.0,1026.6008206575832,1097.0
2023-10-21 02:00:00,983.0,1018.0258687232234,1102.0
2023-10-21 03:00:00,965.0,1004.7237184375618,1063.0
2023-10-21 04:00:00,949.0,1006.2205899281516,1073.0
2023-10-21 05:00:00,974.0,1021.5580603459186,1094.0
2023-10-21 06:00:00,966.0,1350.2703284438392,1080.0
2023-10-21 07:00:00,989.0,1496.4722962922754,1101.0
2023-10-21 08:00:00,1012.0,1642.621890899628,1122.0
2023-10-21 09:00:00,1004.0,1802.4485067291346,1115.0
2023-10-21 10:00:00,1079.0,1866.3645324411332,1120.0
2023-10-21 11:00:00,1043.0,1947.2512561461724,1145.0
2023-10-21 12:00:00,1019.0,2035.425686798401,1105.0
2023-10-21 13:00:00,1048.0,2013.0093056569342,1133.0
2023-10-21 14:00:00,979.0,1875.9357953725414,1126.0
2023-10-21 15:00:00,1039.0,1761.7232070304062,1076.0
2023-10-21 16:00:00,1014.0,1804.9937584894085,1096.0
2023-10-21 17:00:00,967.0,1726.7518886157184,1137.0
2023-10-21 18:00:00,960.0,1598.8395052132935,1088.0
2023-10-21 19:00:00,967.0,1471.9930116585012,1110.0
2023-10-21 20:00:00,1040.0,1322.0979476268833,1179.0
2023-10-21 21:00:00,1032.0,1158.8080723442106,1104.0
2023-10-21 22:00:00,985.0,1095.9176091241698,1103.0
2023-10-21 23:00:00,976.0,1067.2358333287812,1075.5
2023-10-22 00:00:00,967.0,1035.7924563887893,1048.0
2023-10-22 01:00:00,986.0,1019.1927682179117,1055.0
2023-10-22 02:00:00,978.0,1008.7266150880434,1061.0
2023-10-22 03:00:00,943.0,995.732027367514,1014.0
2023-10-22 04:00:00,968.0,995.4206039334487,1057.0
2023-10-22 05:00:00,944.0,1010.8701148386509,1048.0
2023-10-22 06:00:00,986.0,1335.4195092493917,1059.0
2023-10-22 07:00:00,975.0,1476.5599906117452,1054.5
2023-10-22 08:00:00,964.0,1617.6736142731916,1050.0
2023-10-22 09:00:00,958.0,1773.2613646226216,1035.0
2023-10-22 10:00:00,938.0,1835.7971231090705,1046.0
2023-10-22 11:00:00,964.0,1920.2248202552528,1024.0
2023-10-22 12:00:00,972.0,2007.6944796457535,1071.0
2023-10-22 13:00:00,983.0,1994.671527812515,1084.0
2023-10-22 14:00:00,981.0,1862.6876530832817,1081.0
2023-10-22 15:00:00,972.0,1753.0238049066593,1085.0
2023-10-22 16:00:00,993.0,1797.7318986327139,1159.0
2023-10-22 17:00:00,942.0,1721.430634508901,1088.0
2023-10-22 18:00:00,983.0,1589.9091566003276,1111.0
2023-10-22 19:00:00,1053.0,1463.960397528341,1128.0
2023-10-22 20:00:00,1048.0,1316.9746645770429,1146.0
2023-10-22 21:00:00,1001.0,1154.0230765136425,1149.0
2023-10-22 22:00:00,935.0,1091.5538248467165,1131.0
2023-10-22 23:00:00,922.5,1061.4689375819246,1109.0
2023-10-23 00:00:00,910.0,1029.34349082955,1087.0
2023-10-23 01:00:00,901.0,1012.3036839310602,1073.0
2023-10-23 02:00:00,916.0,1001.3177725600963,1038.0
2023-10-23 03:00:00,873.0,988.4077121644451,1028.0
2023-10-23 04:00:00,923.0,987.5993155941326,1046.0
2023-10-23 05:00:00,892.0,1003.0796185519274,1045.0
2023-10-23 06:00:00,1139.0,1326.4849316715595,1526.0
2023-10-23 07:00:00,1271.5,1466.2343662645249,1740.0
2023-10-23 08:00:00,1404.0,1605.963955584618,1954.0
2023-10-23 09:00:00,1481.0,1760.3867398419438,2166.0
2023-10-23 10:00:00,1446.0,1822.5431599126384,2269.0
2023-10-23 11:00:00,1476.0,1907.9440216971798,2277.0
2023-10-23 12:00:00,1463.0,1995.2199890192576,2419.0
2023-10-23 13:00:00,1382.0,1984.7786304647148,2408.0
2023-10-23 14:00:00,1376.0,1854.1935387048388,2133.0
2023-10-23 15:00:00,1252.0,1745.7798193845151,2039.0
2023-10-23 16:00:00,1250.0,1790.8829924083095,2085.0
2023-10-23 17:00:00,1165.0,1715.115064364015,2004.0
2023-10-23 18:00:00,1160.0,1582.601700125804,1856.0
2023-10-23 19:00:00,1183.0,1456.8996651447553,1656.0
2023-10-23 20:00:00,1129.0,1310.7135027566674,1500.0
2023-10-23 21:00:00,1050.0,1147.8548860653705,1290.0
2023-10-23 22:00:00,979.0,1085.5013958396337,1158.0
2023-10-23 23:00:00,959.5,1055.030891882597,1143.0
2023-10-24 00:00:00,940.0,1022.7179920941194,1128.0
2023-10-24 01:00:00,906.0,1005.5572275015063,1089.0
2023-10-24 02:00:00,921.0,994.4284711334992,1102.0
2023-10-24 03:00:00,872.0,981.5416413564658,1082.0
2023-10-24 04:00:00,913.0,980.5966618124459,1064.0
2023-10-24 05:00:00,897.0,996.0854273405546,1095.0
2023-10-24 06:00:00,939.0,1319.1763129519263,1541.0
2023-10-24 07:00:00,928.5,1458.54344659043,1776.5
2023-10-24 08:00:00,918.0,1597.8926621794947,2012.0
2023-10-24 09:00:00,968.0,1751.9952791651458,2194.0
2023-10-24 10:00:00,930.0,1814.0474457760731,2222.0
2023-10-24 11:00:00,971.0,1899.7157620979315,2409.0
2023-10-24 12:00:00,967.0,1986.938497088603,2505.0
2023-10-24 13:00:00,962.0,1977.2066370183645,2502.0
2023-10-24 14:00:00,1002.0,1847.005972350401,2304.0
2023-10-24 15:00:00,942.0,1738.935825557961,2043.0
2023-10-24 16:00:00,986.0,1784.1475781032623,2116.0
2023-10-24 17:00:00,928.0,1708.5262266491557,2002.0
2023-10-24 18:00:00,937.0,1575.7402625969894,1753.0
2023-10-24 19:00:00,981.0,1450.1060347217333,1622.0
2023-10-24 20:00:00,974.0,1304.139618064847,1465.0
2023-10-24 21:00:00,1006.0,1141.3065526670612,1257.0
2023-10-24 22:00:00,925.0,1078.9848771224915,1233.0
2023-10-24 23:00:00,916.5,1048.4083942488967,1186.0
2023-10-25 00:00:00,908.0,1016.0439768003404,1139.0
2023-10-25 01:00:00,914.0,998.8499694419696,1105.0
2023-10-25 02:00:00,917.0,987.6819550274962,1088.0
2023-10-25 03:00:00,889.0,974.8015097142103,1104.0
2023-10-25 04:00:00,916.0,973.8189931136653,1081.0
2023-10-25 05:00:00,886.0,989.3100844073625,1081.0
2023-10-25 06:00:00,1069.0,1312.3145560036469,1538.0
2023-10-25 07:00:00,1297.5,1451.5766219887844,1753.0
2023-10-25 08:00:00,1526.0,1590.8212995827043,1968.0
2023-10-25 09:00:00,1766.0,1744.8359250958601,2214.0
2023-10-25 10:00:00,1831.0,1806.859439760604,2245.0
2023-10-25 11:00:00,1890.0,1892.6012605304375,2297.0
2023-10-25 12:00:00,1933.0,1979.809365695892,2309.0
2023-10-25 13:00:00,1909.0,1970.2724968751984,2283.0
2023-10-25 14:00:00,1678.0,1840.1774841863007,2121.0
2023-10-25 15:00:00,1494.0,1732.2017613256994,1952.0
2023-10-25 16:00:00,1537.0,1777.4433547473973,2038.0
2023-10-25 17:00:00,1418.0,1701.8622868923499,1935.0
2023-10-25 18:00:00,1318.0,1569.0014043174176,1707.0
2023-10-25 19:00:00,1287.0,1443.3858118481264,1567.0
2023-10-25 20:00:00,1271.0,1297.4797878427496,1500.0
2023-10-25 21:00:00,1090.0,1134.6537446990765,1256.0
2023-10-25 22:00:00,1018.0,1072.3408127735163,1201.0
2023-10-25 23:00:00,973.5,1041.7352037469807,1158.0
2023-10-26 00:00:00,929.0,1009.3566277157992,1115.0
2023-10-26 01:00:00,910.0,992.1534842583712,1095.0
2023-10-26 02:00:00,920.0,980.9746805670994,1100.0
2023-10-26 03:00:00,909.0,968.0959898940155,1071.0
2023-10-26 04:00:00,904.0,967.1031569958067,1097.0
2023-10-26 05:00:00,921.0,982.594887478943,1107.0
2023-10-26 06:00:00,1057.0,1305.5756099381215,1504.0
2023-10-26 07:00:00,1297.5,1444.8088002125,1734.5
2023-10-26 08:00:00,1538.0,1584.0247476614668,1965.0
2023-10-26 09:00:00,1750.0,1738.015190505384,2196.0
2023-10-26 10:00:00,1816.0,1800.0308307645982,2283.0
2023-10-26 11:00:00,1843.0,1885.792852739191,2304.0
2023-10-26 12:00:00,1825.0,1972.9969371942948,2404.0
2023-10-26 13:00:00,1748.0,1963.5136577585545,2223.0
2023-10-26 14:00:00,1600.0,1833.4476813704675,2000.0
2023-10-26 15:00:00,1487.0,1725.4979090099212,1809.0
2023-10-26 16:00:00,1472.0,1770.7477035904726,1828.0
2023-10-26 17:00:00,1365.0,1695.177706864526,1717.0
2023-10-26 18:00:00,1253.0,1562.296234455096,1650.0
2023-10-26 19:00:00,1242.0,1436.6857635486767,1508.0
2023-10-26 20:00:00,1208.0,1290.7963372370818,1309.0
2023-10-26 21:00:00,1052.0,1127.9722240173398,1140.0
2023-10-26 22:00:00,962.0,1065.6616950978944,1070.0
2023-10-26 23:00:00,943.0,1035.048081339732,1065.0
2023-10-27 00:00:00,924.0,1002.6656141096561,1060.0
2023-10-27 01:00:00,893.0,985.459959780943,1015.0
2023-10-27 02:00:00,882.0,974.2781908760575,1023.0
2023-10-27 03:00:00,871.0,961.3999824301989,1012.0
2023-10-27 04:00:00,883.0,960.4043143070859,991.0
2023-10-27 05:00:00,882.0,975.8962204584586,1046.0
2023-10-27 06:00:00,1008.0,1298.8704159496137,1356.0
2023-10-27 07:00:00,1243.0,1438.0956703213133,1555.0
2023-10-27 08:00:00,1478.0,1577.3037218734064,1754.0
2023-10-27 09:00:00,1674.0,1731.2875186017977,1910.0
2023-10-27 10:00:00,1661.0,1793.3009947405694,1954.0
2023-10-27 11:00:00,1659.0,1879.0685686060335,1950.0
2023-10-27 12:00:00,1621.0,1966.2715480505522,1911.0
2023-10-27 13:00:00,1503.0,1956.802996568945,1837.0
2023-10-27 14:00:00,1343.0,1826.7450002184514,1619.0
2023-10-27 15:00:00,1255.0,1718.8023598258292,1473.0
2023-10-27 16:00:00,1196.0,1764.0544083283378,1473.0
2023-10-27 17:00:00,1147.0,1688.4874542773864,1288.0
2023-10-27 18:00:00,1125.0,1555.6003231700938,1290.0
2023-10-27 19:00:00,1127.0,1429.9912598212184,1300.0
2023-10-27 20:00:00,1166.0,1284.1063950486848,1278.0
2023-10-27 21:00:00,1011.0,1121.2828122293417,1115.0
2023-10-27 22:00:00,950.0,1058.9729437273254,1053.0
2023-10-27 23:00:00,921.0,1028.3571300312399,1039.5
2023-10-28 00:00:00,892.0,995.9735933841722,1026.0
2023-10-28 01:00:00,890.0,978.7672489934785,962.0
2023-10-28 02:00:00,885.0,967.5846651598501,983.0
2023-10-28 03:00:00,878.0,954.7065892443511,965.0
2023-10-28 04:00:00,865.0,953.7101419172526,949.0
2023-10-28 05:00:00,876.0,969.2020963474725,974.0
2023-10-28 06:00:00,889.0,1292.1744980340193,966.0
2023-10-28 07:00:00,910.5,1431.3975713840339,989.0
2023-10-28 08:00:00,932.0,1570.6034529092253,1012.0
2023-10-28 09:00:00,930.0,1724.585423087737,1004.0
2023-10-28 10:00:00,939.0,1786.5983044619552,1079.0
2023-10-28 11:00:00,923.0,1872.3674041518748,1043.0
2023-10-28 12:00:00,940.0,1959.5700799066751,1019.0
2023-10-28 13:00:00,934.0,1950.1055761041584,1048.0
2023-10-28 14:00:00,923.0,1820.0497729049346,979.0
2023-10-28 15:00:00,904.0,1712.1090925888561,1039.0
2023-10-28 16:00:00,914.0,1757.3617605360412,1014.0
2023-10-28 17:00:00,878.0,1681.79564270252,967.0
2023-10-28 18:00:00,881.0,1548.9069564170395,960.0
2023-10-28 19:00:00,900.0,1423.2982799067697,967.0
2023-10-28 20:00:00,948.0,1277.4146687806087,1040.0
2023-10-28 21:00:00,930.0,1114.5912317310433,1032.0
2023-10-28 22:00:00,931.0,1052.2815447313453,985.0
2023-10-28 23:00:00,907.5,1021.6651264269991,976.0
2023-10-29 00:00:00,884.0,989.2812958723895,967.0
2023-10-29 01:00:00,891.0,972.0747618321747,986.0
2023-10-29 02:00:00,880.0,960.8919540319314,978.0
2023-10-29 03:00:00,865.0,948.0139145397102,943.0
2023-10-29 04:00:00,872.0,947.0172530642205,968.0
2023-10-29 05:00:00,867.0,962.5092207629011,944.0
2023-10-29 06:00:00,896.0,1285.481129458681,986.0
2023-10-29 07:00:00,888.0,1424.7036033991787,975.0
2023-10-29 08:00:00,880.0,1563.9088885365463,964.0
2023-10-29 09:00:00,850.0,1717.8903567249183,958.0
2023-10-29 10:00:00,878.0,1779.903074640178,938.0
2023-10-29 11:00:00,874.0,1865.6725936719617,964.0
2023-10-29 12:00:00,861.0,1952.8751859638105,972.0
2023-10-29 13:00:00,877.0,1943.4117945836897,983.0
2023-10-29 14:00:00,867.0,1813.3565941275529,981.0
2023-10-29 15:00:00,862.0,1705.4164524987066,972.0
2023-10-29 16:00:00,884.0,1750.6692906876808,993.0
2023-10-29 17:00:00,856.0,1675.1034026715379,942.0
2023-10-29 18:00:00,863.0,1542.214288976916,983.0
2023-10-29 19:00:00,915.0,1416.6057187813808,1053.0
2023-10-29 20:00:00,952.0,1270.7224521944659,1048.0
2023-10-29 21:00:00,939.0,1107.8990552067637,1001.0
2023-10-29 22:00:00,941.0,1045.589418089292,935.0
2023-10-29 23:00:00,917.0,1014.9728336206439,922.5
2023-10-30 00:00:00,893.0,982.5889222915152,910.0
2023-10-30 01:00:00,868.0,965.3823361299809,901.0
2023-10-30 02:00:00,883.0,954.1994667770621,916.0
2023-10-30 03:00:00,860.0,941.3214372950391,873.0
2023-10-30 04:00:00,868.0,940.3247169652134,923.0
2023-10-30 05:00:00,890.0,955.8166883104609,892.0
2023-10-30 06:00:00,984.0,1278.7884615177402,1139.0
2023-10-30 07:00:00,1172.5,1418.0107707227057,1271.5
2023-10-30 08:00:00,1361.0,1557.2158919549918,1404.0
2023-10-30 09:00:00,1655.0,1711.1972221815683,1481.0
2023-10-30 10:00:00,1702.0,1773.2098951734527,1446.0
2023-10-30 11:00:00,1680.0,1858.9795294528317,1476.0
2023-10-30 12:00:00,1724.0,1946.1820988065833,1463.0
2023-10-30 13:00:00,1687.0,1936.7190131531663,1382.0
2023-10-30 14:00:00,1523.0,1806.663978348726,1376.0
2023-10-30 15:00:00,1380.0,1698.7239847671256,1252.0
2023-10-30 16:00:00,1404.0,1743.9768697435982,1250.0
2023-10-30 17:00:00,1347.0,1668.4110448880945,1165.0
2023-10-30 18:00:00,1347.0,1535.52181372875,1160.0
2023-10-30 19:00:00,1316.0,1409.9132727516605,1183.0
2023-10-30 20:00:00,1198.0,1264.0301008543602,1129.0
2023-10-30 21:00:00,1052.0,1101.2067148768474,1050.0
2023-10-30 22:00:00,961.0,1038.8970914684924,979.0
2023-10-30 23:00:00,914.0,1008.2804613329605,959.5
2023-10-31 00:00:00,867.0,975.8965278045957,940.0
2023-10-31 01:00:00,861.0,958.6899273185752,906.0
2023-10-31 02:00:00,848.0,947.5070410491535,921.0
2023-10-31 03:00:00,848.0,934.6290143182302,872.0
2023-10-31 04:00:00,865.0,933.6322778134854,913.0
2023-10-31 05:00:00,872.0,949.1242501609178,897.0
2023-10-31 06:00:00,977.0,1272.0959861319343,939.0
2023-10-31 07:00:00,1178.5,1411.318250062684,928.5
2023-10-31 08:00:00,1380.0,1550.523326248987,918.0
2023-10-31 09:00:00,1679.0,1704.5046185595659,968.0
2023-10-31 10:00:00,1678.0,1766.5172792051728,930.0
2023-10-31 11:00:00,1748.0,1852.286945158013,971.0
2023-10-31 12:00:00,1746.0,1939.4895082076944,967.0
2023-10-31 13:00:00,1648.0,1930.026506577053,962.0
2023-10-31 14:00:00,1504.0,1799.9715172986173,1002.0
2023-10-31 15:00:00,1372.0,1692.0315644047955,942.0
2023-10-31 16:00:00,1393.0,1737.2844622398618,986.0
2023-10-31 17:00:00,1317.0,1661.718654742777,928.0
2023-10-31 18:00:00,1299.0,1528.8293913006391,937.0
2023-10-31 19:00:00,1286.0,1403.2208583536462,981.0
2023-10-31 20:00:00,1152.0,1257.3377124798637,974.0
2023-10-31 21:00:00,991.0,1094.514329528278,1006.0
2023-10-31 22:00:00,948.0,1032.2047098875953,925.0
2023-10-31 23:00:00,910.0,1001.5880672014479,916.5
2023-11-01 00:00:00,872.0,969.2041275720737,908.0
2023-11-01 01:00:00,860.0,951.9975231492592,914.0
2023-11-01 02:00:00,857.0,940.8146322306802,917.0
2023-11-01 03:00:00,867.0,927.9366062558408,889.0
2023-11-01 04:00:00,840.0,926.939865305748,916.0
2023-11-01 05:00:00,879.0,942.4318379286105,886.0
2023-11-01 06:00:00,883.0,1265.4035636659967,1069.0
2023-11-01 07:00:00,867.0,1404.6258151540476,1297.5
2023-11-01 08:00:00,851.0,1543.8308789603768,1526.0
2023-11-01 09:00:00,854.0,1697.812160850514,1766.0
2023-11-01 10:00:00,863.0,1759.8248181029974,1831.0
2023-11-01 11:00:00,872.0,1845.594492760645,1890.0
2023-11-01 12:00:00,891.0,1932.7970540777808,1933.0
2023-11-01 13:00:00,893.0,1923.334075539093,1909.0
2023-11-01 14:00:00,884.0,1793.2790987725552,1678.0
2023-11-01 15:00:00,906.0,1685.339157060943,1494.0
2023-11-01 16:00:00,881.0,1730.5920584299326,1537.0
2023-11-01 17:00:00,872.0,1655.0262557034569,1418.0
2023-11-01 18:00:00,917.0,1522.1369833890487,1318.0
2023-11-01 19:00:00,921.0,1396.5284526489647,1287.0
2023-11-01 20:00:00,944.0,1250.6453139272173,1271.0
2023-11-01 21:00:00,940.0,1087.8219318072463,1090.0
2023-11-01 22:00:00,918.0,1025.5123132020317,1018.0
2023-11-01 23:00:00,896.0,994.8956670666024,973.5
2023-11-02 00:00:00,874.0,962.5117257604899,929.0
2023-11-02 01:00:00,897.0,945.3051202557275,910.0
2023-11-02 02:00:00,870.0,934.122228059422,920.0
2023-11-02 03:00:00,874.0,921.2442022923769,909.0
2023-11-02 04:00:00,853.0,920.2474601205704,904.0
2023-11-02 05:00:00,895.0,935.7394328191293,921.0
2023-11-02 06:00:00,1003.0,1258.7111557440098,1057.0
2023-11-02 07:00:00,1217.5,1397.933403812438,1297.5
2023-11-02 08:00:00,1432.0,1537.1384642163828,1538.0
2023-11-02 09:00:00,1751.0,1691.119743242673,1750.0
2023-11-02 10:00:00,1788.0,1753.1323995626253,1816.0
2023-11-02 11:00:00,1770.0,1838.9020766126125,1843.0
2023-11-02 12:00:00,1798.0,1926.1046374535933,1825.0
2023-11-02 13:00:00,1675.0,1916.64166526126,1748.0
2023-11-02 14:00:00,1514.0,1786.586691933363,1600.0
2023-11-02 15:00:00,1383.0,1678.6467532949544,1487.0
2023-11-02 16:00:00,1390.0,1723.8996556351713,1472.0
2023-11-02 17:00:00,1312.0,1648.3338542198005,1365.0
2023-11-02 18:00:00,1287.0,1515.4445794670291,1253.0
2023-11-02 19:00:00,1235.0,1389.8360493334692,1242.0
2023-11-02 20:00:00,1156.0,1243.9529125773136,1208.0
2023-11-02 21:00:00,1016.0,1081.1295306858947,1052.0
2023-11-02 22:00:00,957.0,1018.8199123652577,962.0
2023-11-02 23:00:00,915.5,988.2032652818633,943.0
2023-11-03 00:00:00,874.0,955.8193235149332,924.0
2023-11-03 01:00:00,867.0,938.6127177128193,893.0
2023-11-03 02:00:00,847.0,927.4298251653566,882.0
2023-11-03 03:00:00,845.0,914.5517994554197,871.0
2023-11-03 04:00:00,857.0,913.55505694785,883.0
2023-11-03 05:00:00,872.0,929.0470296672125,882.0
2023-11-03 06:00:00,985.0,1252.0187518191328,1008.0
2023-11-03 07:00:00,1170.5,1391.2409989477471,1243.0
2023-11-03 08:00:00,1356.0,1530.4460584166156,1478.0
2023-11-03 09:00:00,1583.0,1684.4273366558357,1674.0
2023-11-03 10:00:00,1597.0,1746.4399927195009,1661.0
2023-11-03 11:00:00,1665.0,1832.209670426974,1659.0
2023-11-03 12:00:00,1659.0,1919.4122311370934,1621.0
2023-11-03 13:00:00,1553.0,1909.9492606889266,1503.0
2023-11-03 14:00:00,1346.0,1779.8942883060706,1343.0
2023-11-03 15:00:00,1197.0,1671.9543505122695,1255.0
2023-11-03 16:00:00,1168.0,1717.2072531194083,1196.0
2023-11-03 17:00:00,1117.0,1641.6414520643682,1147.0
2023-11-03 18:00:00,1190.0,1508.7521766414623,1125.0
2023-11-03 19:00:00,1216.0,1383.1436466745931,1127.0
2023-11-03 20:00:00,1122.0,1237.2605104586405,1166.0
2023-11-03 21:00:00,1000.0,1074.4371286300345,1011.0
2023-11-03 22:00:00,906.0,1012.1275103876078,950.0
2023-11-03 23:00:00,891.5,981.5108630436846,921.0
2023-11-04 00:00:00,877.0,949.1269211501082,892.0
2023-11-04 01:00:00,853.0,931.9203152662733,890.0
2023-11-04 02:00:00,865.0,920.7374226223022,885.0
2023-11-04 03:00:00,858.0,907.8593969280602,878.0
2023-11-04 04:00:00,860.0,906.8626543282128,865.0
2023-11-04 05:00:00,879.0,922.3546270532928,876.0
2023-11-04 06:00:00,882.0,1245.3263489927808,889.0
2023-11-04 07:00:00,862.5,1384.5485958631061,910.5
2023-11-04 08:00:00,843.0,1523.753655074988,932.0
2023-11-04 09:00:00,884.0,1677.7349330978977,930.0
2023-11-04 10:00:00,905.0,1739.7475890911273,939.0
2023-11-04 11:00:00,900.0,1825.5172669792971,923.0
2023-11-04 12:00:00,919.0,1912.7198276534518,940.0
2023-11-04 13:00:00,898.0,1903.2568576846338,934.0
2023-11-04 14:00:00,864.0,1773.2018855615029,923.0
2023-11-04 15:00:00,862.0,1665.261947999825,904.0
2023-11-04 16:00:00,865.0,1710.5148506803218,914.0
2023-11-04 17:00:00,852.0,1634.9490497243112,878.0
2023-11-04 18:00:00,917.0,1502.0597741172323,881.0
2023-11-04 19:00:00,938.0,1376.451244196175,900.0
2023-11-04 20:00:00,925.0,1230.568108128686,948.0
2023-11-04 21:00:00,919.0,1067.744726317343,930.0
2023-11-04 22:00:00,892.0,1005.4351080964109,931.0
2023-11-04 23:00:00,877.0,974.8184606808866,907.5
2023-11-05 00:00:00,862.0,942.434518752504,884.0
2023-11-05 01:00:00,835.0,925.2279128462097,891.0
2023-11-05 02:00:00,850.0,914.0450201757153,880.0
2023-11-05 03:00:00,824.0,901.1669944857866,865.0
2023-11-05 04:00:00,834.0,900.1702518605786,872.0
2023-11-05 05:00:00,848.0,915.66222458723,867.0
2023-11-05 06:00:00,862.0,1238.6339464683351,896.0
2023-11-05 07:00:00,838.5,1377.856193267675,888.0
2023-11-05 08:00:00,815.0,1517.0612524089295,880.0
2023-11-05 09:00:00,828.0,1671.0425303723907,850.0
2023-11-05 10:00:00,831.0,1733.0551863462629,878.0
2023-11-05 11:00:00,840.0,1818.8248642840936,874.0
2023-11-05 12:00:00,850.0,1906.0274249483641,861.0
2023-11-05 13:00:00,858.0,1896.5644551112853,877.0
2023-11-05 14:00:00,871.0,1766.5094830595344,867.0
2023-11-05 15:00:00,851.0,1658.5695455616508,862.0
2023-11-05 16:00:00,853.0,1703.8224482623086,884.0
2023-11-05 17:00:00,840.0,1628.2566473335141,856.0
2023-11-05 18:00:00,873.0,1495.3673716758192,863.0
2023-11-05 19:00:00,933.0,1369.7588417673521,915.0
2023-11-05 20:00:00,920.0,1223.8757057406654,952.0
2023-11-05 21:00:00,934.0,1061.0523239340669,939.0
2023-11-05 22:00:00,910.0,998.742705719042,941.0
2023-11-05 23:00:00,887.0,968.1260582838396,917.0
2023-11-06 00:00:00,864.0,935.7421163458913,893.0
2023-11-06 01:00:00,837.0,918.5355104334245,868.0
2023-11-06 02:00:00,841.0,907.3526177556407,883.0
2023-11-06 03:00:00,831.0,894.4745920668976,860.0
2023-11-06 04:00:00,837.0,893.4778494347197,868.0
2023-11-06 05:00:00,863.0,908.969822161803,890.0
2023-11-06 06:00:00,978.0,1231.9415440268629,984.0
2023-11-06 07:00:00,1218.0,1371.163790806694,1172.5
2023-11-06 08:00:00,1458.0,1510.3688499285377,1361.0
2023-11-06 09:00:00,1650.0,1664.3501278756607,1655.0
2023-11-06 10:00:00,1748.0,1726.3627838442126,1702.0
2023-11-06 11:00:00,1757.0,1812.1324617956914,1680.0
2023-11-06 12:00:00,1821.0,1899.3350224572455,1724.0
2023-11-06 13:00:00,1744.0,1889.8720526563725,1687.0
2023-11-06 14:00:00,1521.0,1759.817080624239,1523.0
2023-11-06 15:00:00,1408.0,1651.877143143888,1380.0
2023-11-06 16:00:00,1413.0,1697.1300458500866,1404.0
2023-11-06 17:00:00,1353.0,1621.564244928772,1347.0
2023-11-06 18:00:00,1303.0,1488.6749692571664,1347.0
2023-11-06 19:00:00,1282.0,1363.0664393521595,1316.0
2023-11-06 20:00:00,1196.0,1217.1833033366863,1198.0
2023-11-06 21:00:00,1080.0,1054.3599215313916,1052.0
2023-11-06 22:00:00,997.0,992.0503033179904,961.0
2023-11-06 23:00:00,948.0,961.4336558773799,914.0
2023-11-07 00:00:00,899.0,929.0497139368026,867.0
2023-11-07 01:00:00,872.0,911.8431080226394,861.0
2023-11-07 02:00:00,869.0,900.6602153428522,848.0
2023-11-07 03:00:00,865.0,887.7821896544349,848.0
2023-11-07 04:00:00,863.0,886.7854470203415,865.0
2023-11-07 05:00:00,884.0,902.2774197475434,872.0
2023-11-07 06:00:00,1009.0,1225.2491416081937,977.0
2023-11-07 07:00:00,1235.5,1364.471388382663,1178.5
2023-11-07 08:00:00,1462.0,1503.6764474991721,1380.0
2023-11-07 09:00:00,1783.0,1657.657725441805,1679.0
2023-11-07 10:00:00,1858.0,1719.6703814088949,1678.0
2023-11-07 11:00:00,1907.0,1805.4400593641246,1748.0
2023-11-07 12:00:00,1917.0,1892.6426200249323,1746.0
2023-11-07 13:00:00,1878.0,1883.1796502340098,1648.0
2023-11-07 14:00:00,1632.0,1753.124678207268,1504.0
2023-11-07 15:00:00,1478.0,1645.1847407317355,1372.0
2023-11-07 16:00:00,1500.0,1690.437643439457,1393.0
2023-11-07 17:00:00,1430.0,1614.871842520198,1317.0
2023-11-07 18:00:00,1402.0,1481.982566844769,1299.0
2023-11-07 19:00:00,1351.0,1356.374036940713,1286.0
2023-11-07 20:00:00,1252.0,1210.490900928322,1152.0
2023-11-07 21:00:00,1073.0,1047.6675191233855,991.0
2023-11-07 22:00:00,1012.0,985.3579009104304,948.0
2023-11-07 23:00:00,965.5,954.7412534683335,910.0
2023-11-08 00:00:00,919.0,922.3573115270337,872.0
2023-11-08 01:00:00,908.0,905.1507056124044,860.0
2023-11-08 02:00:00,896.0,893.9678129320666,857.0
2023-11-08 03:00:00,878.0,881.0897872437389,867.0
2023-11-08 04:00:00,893.0,880.093044609119,840.0
2023-11-08 05:00:00,909.0,895.5850173363535,879.0
2023-11-08 06:00:00,1039.0,1218.5567391957918,883.0
2023-11-08 07:00:00,1362.5,1357.7789859687875,867.0
2023-11-08 08:00:00,1686.0,1496.9840450838308,851.0
2023-11-08 09:00:00,2151.0,1650.9653230252297,854.0
2023-11-08 10:00:00,2064.0,1712.9779789919178,863.0
2023-11-08 11:00:00,2053.0,1798.7476569481785,872.0
2023-11-08 12:00:00,2011.0,1885.9502176087808,891.0
2023-11-08 13:00:00,1846.0,1876.487247820593,893.0
2023-11-08 14:00:00,1652.0,1746.432275795333,884.0
2023-11-08 15:00:00,1478.0,1638.4923383211246,906.0
2023-11-08 16:00:00,1442.0,1683.7452410292647,881.0
2023-11-08 17:00:00,1398.0,1608.1794401105708,872.0
2023-11-08 18:00:00,1422.0,1475.2901644340911,917.0
2023-11-08 19:00:00,1340.0,1349.6816345302964,921.0
2023-11-08 20:00:00,1245.0,1203.7984985187522,944.0
2023-11-08 21:00:00,1088.0,1040.9751167139143,940.0
2023-11-08 22:00:00,982.0,978.6654985010819,918.0
2023-11-08 23:00:00,933.0,948.0488510585765,896.0
2023-11-09 00:00:00,884.0,915.6649091170781,874.0
2023-11-09 01:00:00,880.0,898.4583032023206,897.0
2023-11-09 02:00:00,871.0,887.2754105218315,870.0
2023-11-09 03:00:00,850.0,874.3973848335282,874.0
2023-11-09 04:00:00,865.0,873.4006421987636,853.0
2023-11-09 05:00:00,895.0,888.8926149260071,895.0
2023-11-09 06:00:00,1027.0,1211.8643367851123,1003.0
2023-11-09 07:00:00,1362.5,1351.086583557703,1217.5
2023-11-09 08:00:00,1698.0,1490.2916426723434,1432.0
2023-11-09 09:00:00,1916.0,1644.272920613403,1751.0
2023-11-09 10:00:00,2034.0,1706.2855765799804,1788.0
2023-11-09 11:00:00,2037.0,1792.0552545365244,1770.0
2023-11-09 12:00:00,1984.0,1879.2578151970704,1798.0
2023-11-09 13:00:00,1858.0,1869.794845409634,1675.0
2023-11-09 14:00:00,1641.0,1739.739873384781,1514.0
2023-11-09 15:00:00,1479.0,1631.7999359109367,1383.0
2023-11-09 16:00:00,1469.0,1677.0528386191918,1390.0
2023-11-09 17:00:00,1368.0,1601.4870377006532,1312.0
2023-11-09 18:00:00,1333.0,1468.5977620238848,1287.0
2023-11-09 19:00:00,1309.0,1342.9892321201621,1235.0
2023-11-09 20:00:00,1211.0,1197.1060961088508,1156.0
2023-11-09 21:00:00,1070.0,1034.28271430404,1016.0
2023-11-09 22:00:00,973.0,971.9730960912411,957.0
2023-11-09 23:00:00,952.0,941.3564486486235,915.5
2023-11-10 00:00:00,931.0,908.9725067070706,874.0
2023-11-10 01:00:00,907.0,891.7659007922779,867.0
2023-11-10 02:00:00,882.0,880.5830081117472,847.0
2023-11-10 03:00:00,883.0,867.7049824234507,845.0
2023-11-10 04:00:00,882.0,866.7082397886464,857.0
2023-11-10 05:00:00,905.0,882.2002125158924,872.0
2023-11-10 06:00:00,1068.0,1205.171934374906,985.0
2023-11-10 07:00:00,1384.5,1344.3941811473856,1170.5
2023-11-10 08:00:00,1701.0,1483.5992402619152,1356.0
2023-11-10 09:00:00,1867.0,1637.5805182028816,1583.0
2023-11-10 10:00:00,1923.0,1699.593174169429,1597.0
2023-11-10 11:00:00,1899.0,1785.3628521260507,1665.0
2023-11-10 12:00:00,1779.0,1872.5654127865812,1659.0
2023-11-10 13:00:00,1626.0,1863.1024429993515,1553.0
2023-11-10 14:00:00,1402.0,1733.0474709746104,1346.0
2023-11-10 15:00:00,1287.0,1625.107533500866,1197.0
2023-11-10 16:00:00,1234.0,1670.3604362091528,1168.0
2023-11-10 17:00:00,1178.0,1594.794635290657,1117.0
2023-11-10 18:00:00,1316.0,1461.9053596138092,1190.0
2023-11-10 19:00:00,1278.0,1336.2968297101063,1216.0
2023-11-10 20:00:00,1172.0,1190.4136936988589,1122.0
2023-11-10 21:00:00,1046.0,1027.5903118940555,1000.0
2023-11-10 22:00:00,941.0,965.2806936812659,906.0
2023-11-10 23:00:00,929.5,934.6640462386175,891.5
2023-11-11 00:00:00,918.0,902.2801042970495,877.0
2023-11-11 01:00:00,894.0,885.0734983822472,853.0
2023-11-11 02:00:00,892.0,873.8906057017051,865.0
2023-11-11 03:00:00,892.0,861.0125800134105,858.0
2023-11-11 04:00:00,876.0,860.0158373785953,860.0
2023-11-11 05:00:00,907.0,875.5078101058419,879.0
2023-11-11 06:00:00,1039.0,1198.4795319648304,882.0
2023-11-11 07:00:00,1138.0,1337.7017787372793,862.5
2023-11-11 08:00:00,1237.0,1476.9068378517782,843.0
2023-11-11 09:00:00,1235.0,1630.888115792719,884.0
2023-11-11 10:00:00,1218.0,1692.9007717592579,905.0
2023-11-11 11:00:00,1219.0,1778.670449715901,900.0
2023-11-11 12:00:00,1072.0,1865.8730103764271,919.0
2023-11-11 13:00:00,1038.0,1856.4100405892543,898.0
2023-11-11 14:00:00,956.0,1726.355068564544,864.0
2023-11-11 15:00:00,951.0,1618.4151310908271,862.0
2023-11-11 16:00:00,912.0,1663.6680337991224,865.0
2023-11-11 17:00:00,903.0,1588.1022328806382,852.0
2023-11-11 18:00:00,977.0,1455.2129572037686,917.0
2023-11-11 19:00:00,968.0,1329.604427300071,938.0
2023-11-11 20:00:00,967.0,1183.721291288841,925.0
2023-11-11 21:00:00,983.0,1020.8979094840397,919.0
2023-11-11 22:00:00,924.0,958.5882912712527,892.0
2023-11-11 23:00:00,923.5,927.9716438285958,877.0
2023-11-12 00:00:00,923.0,895.5877018870237,862.0
2023-11-12 01:00:00,901.0,878.3810959722188,835.0
2023-11-12 02:00:00,897.0,867.1982032916735,850.0
2023-11-12 03:00:00,887.0,854.3201776033794,824.0
2023-11-12 04:00:00,890.0,853.3234349685613,834.0
2023-11-12 05:00:00,901.0,868.8154076958081,848.0
2023-11-12 06:00:00,918.0,1191.7871295547898,862.0
2023-11-12 07:00:00,904.0,1331.0093763272303,838.5
2023-11-12 08:00:00,890.0,1470.214435441721,815.0
2023-11-12 09:00:00,883.0,1624.1957133826547,828.0
2023-11-12 10:00:00,891.0,1686.2083693491913,831.0
2023-11-12 11:00:00,913.0,1771.9780473058404,840.0
2023-11-12 12:00:00,919.0,1859.1806079663654,850.0
2023-11-12 13:00:00,909.0,1849.7176381792083,858.0
2023-11-12 14:00:00,936.0,1719.6626661545065,871.0
2023-11-12 15:00:00,928.0,1611.722728680797,851.0
2023-11-12 16:00:00,943.0,1656.9756313890948,853.0
2023-11-12 17:00:00,905.0,1581.4098304706138,840.0
2023-11-12 18:00:00,962.0,1448.5205547937383,873.0
2023-11-12 19:00:00,976.0,1322.9120248900422,933.0
2023-11-12 20:00:00,974.0,1177.028888878817,920.0
2023-11-12 21:00:00,985.0,1014.2055070740163,934.0
2023-11-12 22:00:00,945.0,951.89588886123,910.0
2023-11-12 23:00:00,929.5,921.2792414185708,887.0
2023-11-13 00:00:00,914.0,888.8952994769976,864.0
2023-11-13 01:00:00,885.0,871.6886935621919,837.0
2023-11-13 02:00:00,895.0,860.5058008816458,841.0
2023-11-13 03:00:00,865.0,847.6277751933518,831.0
2023-11-13 04:00:00,899.0,846.6310325585328,837.0
2023-11-13 05:00:00,910.0,862.1230052857795,863.0
2023-11-13 06:00:00,1037.0,1185.0947271447594,978.0
2023-11-13 07:00:00,1327.5,1324.3169739171976,1218.0
2023-11-13 08:00:00,1618.0,1463.522033031686,1458.0
2023-11-13 09:00:00,1856.0,1617.5033109726178,1650.0
2023-11-13 10:00:00,1918.0,1679.5159669391537,1748.0
2023-11-13 11:00:00,1843.0,1765.2856448958044,1757.0
2023-11-13 12:00:00,1779.0,1852.4882055563291,1821.0
2023-11-13 13:00:00,1732.0,1843.025235769176,1744.0
2023-11-13 14:00:00,1528.0,1712.9702637444766,1521.0
2023-11-13 15:00:00,1394.0,1605.0303262707694,1408.0
2023-11-13 16:00:00,1439.0,1650.2832289790679,1413.0
2023-11-13 17:00:00,1375.0,1574.7174280605877,1353.0
2023-11-13 18:00:00,1395.0,1441.8281523837106,1303.0
2023-11-13 19:00:00,1360.0,1316.219622480015,1282.0
2023-11-13 20:00:00,1239.0,1170.3364864687915,1196.0
2023-11-13 21:00:00,1104.0,1007.5131046639907,1080.0
2023-11-13 22:00:00,1015.0,945.2034864512046,997.0
2023-11-13 23:00:00,962.5,914.5868390085446,948.0
2023-11-14 00:00:00,910.0,882.2028970669711,899.0
2023-11-14 01:00:00,897.0,864.9962911521651,872.0
2023-11-14 02:00:00,887.0,853.8133984716188,869.0
2023-11-14 03:00:00,883.0,840.9353727833249,865.0
2023-11-14 04:00:00,856.0,839.9386301485056,863.0
2023-11-14 05:00:00,894.0,855.4306028757525,884.0
2023-11-14 06:00:00,1020.0,1178.4023247347318,1009.0
2023-11-14 07:00:00,1318.5,1317.6245715071693,1235.5
2023-11-14 08:00:00,1617.0,1456.829630621657,1462.0
2023-11-14 09:00:00,1839.0,1610.8109085625883,1783.0
2023-11-14 10:00:00,1878.0,1672.823564529124,1858.0
2023-11-14 11:00:00,1842.0,1758.5932424857751,1907.0
2023-11-14 12:00:00,1798.0,1845.7958031462997,1917.0
2023-11-14 13:00:00,1680.0,1836.3328333591478,1878.0
2023-11-14 14:00:00,1503.0,1706.277861334449,1632.0
2023-11-14 15:00:00,1386.0,1598.3379238607424,1478.0
2023-11-14 16:00:00,1434.0,1643.590826569041,1500.0
2023-11-14 17:00:00,1412.0,1568.025025650561,1430.0
2023-11-14 18:00:00,1419.0,1435.1357499736832,1402.0
2023-11-14 19:00:00,1383.0,1309.5272200699876,1351.0
2023-11-14 20:00:00,1234.0,1163.6440840587643,1252.0
2023-11-14 21:00:00,1109.0,1000.8207022539636,1073.0
2023-11-14 22:00:00,1006.0,938.5110840411776,1012.0
2023-11-14 23:00:00,967.5,907.8944365985175,965.5
2023-11-15 00:00:00,929.0,875.5104946569438,919.0
2023-11-15 01:00:00,908.0,858.3038887421379,908.0
2023-11-15 02:00:00,908.0,847.1209960615915,896.0
2023-11-15 03:00:00,889.0,834.2429703732977,878.0
2023-11-15 04:00:00,880.0,833.2462277384783,893.0
2023-11-15 05:00:00,909.0,848.7382004657252,909.0
2023-11-15 06:00:00,1051.0,1171.7099223247042,1039.0
2023-11-15 07:00:00,1362.0,1310.9321690971417,1362.5
2023-11-15 08:00:00,1673.0,1450.1372282116292,1686.0
2023-11-15 09:00:00,1848.0,1604.1185061525603,2151.0
2023-11-15 10:00:00,1901.0,1666.131162119096,2064.0
2023-11-15 11:00:00,1856.0,1751.9008400757473,2053.0
2023-11-15 12:00:00,1769.0,1839.1034007362719,2011.0
2023-11-15 13:00:00,1688.0,1829.6404309491202,1846.0
2023-11-15 14:00:00,1575.0,1699.5854589244216,1652.0
2023-11-15 15:00:00,1400.0,1591.645521450715,1478.0
2023-11-15 16:00:00,1449.0,1636.8984241590135,1442.0
2023-11-15 17:00:00,1423.0,1561.3326232405336,1398.0
2023-11-15 18:00:00,1415.0,1428.4433475636558,1422.0
2023-11-15 19:00:00,1370.0,1302.8348176599602,1340.0
2023-11-15 20:00:00,1277.0,1156.951681648737,1245.0
2023-11-15 21:00:00,1139.0,994.1282998439362,1088.0
2023-11-15 22:00:00,1006.0,931.8186816311502,982.0
2023-11-15 23:00:00,970.5,901.2020341884901,933.0
2023-11-16 00:00:00,935.0,868.8180922469164,884.0
2023-11-16 01:00:00,924.0,851.6114863321104,880.0
2023-11-16 02:00:00,907.0,840.428593651564,871.0
2023-11-16 03:00:00,908.0,827.5505679632702,850.0
2023-11-16 04:00:00,904.0,826.5538253284509,865.0
2023-11-16 05:00:00,932.0,842.0457980556978,895.0
2023-11-16 06:00:00,1056.0,1165.0175199146768,1027.0
2023-11-16 07:00:00,1366.0,1304.2397666871143,1362.5
2023-11-16 08:00:00,1676.0,1443.4448258016018,1698.0
2023-11-16 09:00:00,1876.0,1597.426103742533,1916.0
2023-11-16 10:00:00,1924.0,1659.4387597090688,2034.0
2023-11-16 11:00:00,1861.0,1745.20843766572,2037.0
2023-11-16 12:00:00,1749.0,1832.4109983262447,1984.0
2023-11-16 13:00:00,1662.0,1822.9480285390932,1858.0
2023-11-16 14:00:00,1505.0,1692.8930565143946,1641.0
2023-11-16 15:00:00,1368.0,1584.953119040688,1479.0
2023-11-16 16:00:00,1400.0,1630.2060217489866,1469.0
2023-11-16 17:00:00,1361.0,1554.6402208305067,1368.0
2023-11-16 18:00:00,1355.0,1421.750945153629,1333.0
2023-11-16 19:00:00,1311.0,1296.1424152499333,1309.0
2023-11-16 20:00:00,1200.0,1150.2592792387102,1211.0
2023-11-16 21:00:00,1060.0,987.4358974339095,1070.0
2023-11-16 22:00:00,975.0,925.1262792211235,973.0
2023-11-16 23:00:00,945.0,894.5096317784634,952.0
2023-11-17 00:00:00,915.0,862.1256898368897,931.0
2023-11-17 01:00:00,892.0,844.9190839220837,907.0
2023-11-17 02:00:00,890.0,833.7361912415373,882.0
2023-11-17 03:00:00,874.0,820.8581655532435,883.0
2023-11-17 04:00:00,873.0,819.8614229184241,882.0
2023-11-17 05:00:00,886.0,835.353395645671,905.0
2023-11-17 06:00:00,1044.0,1158.3251175046498,1068.0
2023-11-17 07:00:00,1267.0,1297.5473642770871,1384.5
2023-11-17 08:00:00,1490.0,1436.7524233915747,1701.0
2023-11-17 09:00:00,1670.0,1590.7337013325057,1867.0
2023-11-17 10:00:00,1660.0,1652.7463572990414,1923.0
2023-11-17 11:00:00,1647.0,1738.5160352556927,1899.0
2023-11-17 12:00:00,1588.0,1825.7185959162173,1779.0
2023-11-17 13:00:00,1476.0,1816.2556261290658,1626.0
2023-11-17 14:00:00,1325.0,1686.2006541043672,1402.0
2023-11-17 15:00:00,1257.0,1578.2607166306607,1287.0
2023-11-17 16:00:00,1190.0,1623.5136193389594,1234.0
2023-11-17 17:00:00,1177.0,1547.9478184204795,1178.0
2023-11-17 18:00:00,1256.0,1415.0585427436017,1316.0
2023-11-17 19:00:00,1303.0,1289.450012839906,1278.0
2023-11-17 20:00:00,1195.0,1143.566876828683,1172.0
2023-11-17 21:00:00,1033.0,980.7434950238824,1046.0
2023-11-17 22:00:00,953.0,918.4338768110963,941.0
2023-11-17 23:00:00,937.0,887.8172293684362,929.5
2023-11-18 00:00:00,921.0,855.4332874268625,918.0
2023-11-18 01:00:00,922.0,838.2266815120565,894.0
2023-11-18 02:00:00,897.0,827.0437888315101,892.0
2023-11-18 03:00:00,900.0,814.1657631432163,892.0
2023-11-18 04:00:00,884.0,813.1690205083969,876.0
2023-11-18 05:00:00,895.0,828.6609932356438,907.0
2023-11-18 06:00:00,935.0,1151.6327150946227,1039.0
2023-11-18 07:00:00,1020.0,1290.85496186706,1138.0
2023-11-18 08:00:00,1105.0,1430.0600209815475,1237.0
2023-11-18 09:00:00,1119.0,1584.0412989224785,1235.0
2023-11-18 10:00:00,1118.0,1646.0539548890142,1218.0
2023-11-18 11:00:00,1102.0,1731.8236328456655,1219.0
2023-11-18 12:00:00,1038.0,1819.02619350619,1072.0
2023-11-18 13:00:00,1022.0,1809.5632237190387,1038.0
2023-11-18 14:00:00,1009.0,1679.50825169434,956.0
2023-11-18 15:00:00,1022.0,1571.5683142206335,951.0
2023-11-18 16:00:00,1013.0,1616.8212169289322,912.0
2023-11-18 17:00:00,986.0,1541.2554160104523,903.0
2023-11-18 18:00:00,968.0,1408.3661403335745,977.0
2023-11-18 19:00:00,1004.0,1282.757610429879,968.0
2023-11-18 20:00:00,962.0,1136.8744744186558,967.0
2023-11-18 21:00:00,976.0,974.0510926138552,983.0
2023-11-18 22:00:00,931.0,911.7414744010691,924.0
2023-11-18 23:00:00,923.5,881.124826958409,923.5
2023-11-19 00:00:00,916.0,848.7408850168354,923.0
2023-11-19 01:00:00,886.0,831.5342791020294,901.0
2023-11-19 02:00:00,882.0,820.351386421483,897.0
2023-11-19 03:00:00,888.0,807.4733607331891,887.0
2023-11-19 04:00:00,854.0,806.4766180983697,890.0
2023-11-19 05:00:00,900.0,821.9685908256166,901.0
2023-11-19 06:00:00,906.0,1144.9403126845955,918.0
2023-11-19 07:00:00,903.5,1284.1625594570328,904.0
2023-11-19 08:00:00,901.0,1423.3676185715203,890.0
2023-11-19 09:00:00,871.0,1577.3488965124513,883.0
2023-11-19 10:00:00,888.0,1639.361552478987,891.0
2023-11-19 11:00:00,898.0,1725.1312304356384,913.0
2023-11-19 12:00:00,899.0,1812.333791096163,919.0
2023-11-19 13:00:00,909.0,1802.8708213090115,909.0
2023-11-19 14:00:00,934.0,1672.815849284313,936.0
2023-11-19 15:00:00,923.0,1564.8759118106063,928.0
2023-11-19 16:00:00,925.0,1610.128814518905,943.0
2023-11-19 17:00:00,904.0,1534.5630136004252,905.0
2023-11-19 18:00:00,958.0,1401.6737379235474,962.0
2023-11-19 19:00:00,995.0,1276.0652080198518,976.0
2023-11-19 20:00:00,953.0,1130.1820720086287,974.0
2023-11-19 21:00:00,973.0,967.358690203828,985.0
2023-11-19 22:00:00,938.0,905.049071991042,945.0
2023-11-19 23:00:00,923.0,874.4324245483818,929.5
2023-11-20 00:00:00,908.0,842.0484826068082,914.0
2023-11-20 01:00:00,887.0,824.8418766920022,885.0
2023-11-20 02:00:00,860.0,813.6589840114558,895.0
2023-11-20 03:00:00,882.0,800.7809583231619,865.0
2023-11-20 04:00:00,867.0,799.7842156883426,899.0
2023-11-20 05:00:00,886.0,815.2761884155894,910.0
2023-11-20 06:00:00,1041.0,1138.2479102745683,1037.0
2023-11-20 07:00:00,1374.5,1277.4701570470056,1327.5
2023-11-20 08:00:00,1708.0,1416.6752161614932,1618.0
2023-11-20 09:00:00,1879.0,1570.6564941024242,1856.0
2023-11-20 10:00:00,1952.0,1632.6691500689599,1918.0
2023-11-20 11:00:00,1878.0,1718.4388280256112,1843.0
2023-11-20 12:00:00,1816.0,1805.6413886861358,1779.0
2023-11-20 13:00:00,1741.0,1796.1784188989843,1732.0
2023-11-20 14:00:00,1581.0,1666.1234468742857,1528.0
2023-11-20 15:00:00,1429.0,1558.1835094005792,1394.0
2023-11-20 16:00:00,1480.0,1603.436412108878,1439.0
2023-11-20 17:00:00,1378.0,1527.870611190398,1375.0
2023-11-20 18:00:00,1431.0,1394.9813355135202,1395.0
2023-11-20 19:00:00,1358.0,1269.3728056098246,1360.0
2023-11-20 20:00:00,1272.0,1123.4896695986015,1239.0
2023-11-20 21:00:00,1101.0,960.6662877938008,1104.0
2023-11-20 22:00:00,1018.0,898.3566695810148,1015.0
2023-11-20 23:00:00,983.0,867.7400221383547,962.5
2023-11-21 00:00:00,948.0,835.356080196781,910.0
2023-11-21 01:00:00,926.0,818.149474281975,897.0
2023-11-21 02:00:00,894.0,806.9665816014286,887.0
2023-11-21 03:00:00,896.0,794.0885559131348,883.0
2023-11-21 04:00:00,891.0,793.0918132783154,856.0
2023-11-21 05:00:00,925.0,808.5837860055623,894.0
2023-11-21 06:00:00,1071.0,1131.5555078645411,1020.0
2023-11-21 07:00:00,1383.0,1270.7777546369784,1318.5
2023-11-21 08:00:00,1695.0,1409.982813751466,1617.0
2023-11-21 09:00:00,1937.0,1563.964091692397,1839.0
2023-11-21 10:00:00,2018.0,1625.9767476589327,1878.0
2023-11-21 11:00:00,1951.0,1711.746425615584,1842.0
2023-11-21 12:00:00,1836.0,1798.9489862761086,1798.0
2023-11-21 13:00:00,1750.0,1789.4860164889571,1680.0
2023-11-21 14:00:00,1550.0,1659.4310444642585,1503.0
2023-11-21 15:00:00,1426.0,1551.491106990552,1386.0
2023-11-21 16:00:00,1464.0,1596.7440096988507,1434.0
2023-11-21 17:00:00,1413.0,1521.1782087803708,1412.0
2023-11-21 18:00:00,1473.0,1388.288933103493,1419.0
2023-11-21 19:00:00,1379.0,1262.6804031997974,1383.0
2023-11-21 20:00:00,1248.0,1116.7972671885743,1234.0
2023-11-21 21:00:00,1081.0,953.9738853837737,1109.0
2023-11-21 22:00:00,1002.0,891.6642671709876,1006.0
2023-11-21 23:00:00,966.0,861.0476197283275,967.5
2023-11-22 00:00:00,930.0,828.6636777867539,929.0
2023-11-22 01:00:00,916.0,811.4570718719478,908.0
2023-11-22 02:00:00,904.0,800.2741791914015,908.0
2023-11-22 03:00:00,886.0,787.3961535031076,889.0
2023-11-22 04:00:00,885.0,786.3994108682882,880.0
2023-11-22 05:00:00,918.0,801.8913835955351,909.0
2023-11-22 06:00:00,1033.0,1124.863105454514,1051.0
2023-11-22 07:00:00,1368.5,1264.0853522269513,1362.0
2023-11-22 08:00:00,1704.0,1403.2904113414388,1673.0
2023-11-22 09:00:00,1935.0,1557.2716892823698,1848.0
2023-11-22 10:00:00,1953.0,1619.2843452489055,1901.0
2023-11-22 11:00:00,1913.0,1705.0540232055569,1856.0
2023-11-22 12:00:00,1929.0,1792.2565838660814,1769.0
2023-11-22 13:00:00,1821.0,1782.79361407893,1688.0
2023-11-22 14:00:00,1591.0,1652.7386420542314,1575.0
2023-11-22 15:00:00,1455.0,1544.7987045805248,1400.0
2023-11-22 16:00:00,1474.0,1590.0516072888236,1449.0
2023-11-22 17:00:00,1415.0,1514.4858063703437,1423.0
2023-11-22 18:00:00,1467.0,1381.5965306934659,1415.0
2023-11-22 19:00:00,1423.0,1255.9880007897702,1370.0
2023-11-22 20:00:00,1269.0,1110.1048647785472,1277.0
2023-11-22 21:00:00,1150.0,947.2814829737465,1139.0
2023-11-22 22:00:00,1061.0,884.9718647609604,1006.0
2023-11-22 23:00:00,1000.0,854.3552173183003,970.5
2023-11-23 00:00:00,939.0,821.9712753767267,935.0
2023-11-23 01:00:00,914.0,804.7646694619207,924.0
2023-11-23 02:00:00,890.0,793.5817767813743,907.0
2023-11-23 03:00:00,876.0,780.7037510930804,908.0
2023-11-23 04:00:00,879.0,779.707008458261,904.0
2023-11-23 05:00:00,898.0,795.1989811855079,932.0
2023-11-23 06:00:00,1038.0,1118.1707030444868,1056.0
2023-11-23 07:00:00,1415.0,1257.392949816924,1366.0
2023-11-23 08:00:00,1792.0,1396.5980089314116,1676.0
2023-11-23 09:00:00,1939.0,1550.5792868723427,1876.0
2023-11-23 10:00:00,2025.0,1612.5919428388784,1924.0
2023-11-23 11:00:00,1922.0,1698.3616207955297,1861.0
2023-11-23 12:00:00,1834.0,1785.5641814560543,1749.0
2023-11-23 13:00:00,1733.0,1776.1012116689028,1662.0
2023-11-23 14:00:00,1527.0,1646.0462396442042,1505.0
2023-11-23 15:00:00,1397.0,1538.1063021704977,1368.0
2023-11-23 16:00:00,1432.0,1583.3592048787964,1400.0
2023-11-23 17:00:00,1377.0,1507.7934039603165,1361.0
2023-11-23 18:00:00,1414.0,1374.9041282834387,1355.0
2023-11-23 19:00:00,1353.0,1249.295598379743,1311.0
2023-11-23 20:00:00,1241.0,1103.41246236852,1200.0
2023-11-23 21:00:00,1114.0,940.5890805637193,1060.0
2023-11-23 22:00:00,1001.0,878.2794623509333,975.0
2023-11-23 23:00:00,973.5,847.6628149082732,945.0
2023-11-24 00:00:00,946.0,815.2788729666995,915.0
2023-11-24 01:00:00,917.0,798.0722670518935,892.0
2023-11-24 02:00:00,905.0,786.8893743713471,890.0
2023-11-24 03:00:00,910.0,774.0113486830533,874.0
2023-11-24 04:00:00,884.0,773.0146060482339,873.0
2023-11-24 05:00:00,908.0,788.5065787754808,886.0
2023-11-24 06:00:00,1075.0,1111.4783006344596,1044.0
2023-11-24 07:00:00,1462.5,1250.700547406897,1267.0
2023-11-24 08:00:00,1850.0,1389.9056065213845,1490.0
2023-11-24 09:00:00,2036.0,1543.8868844623155,1670.0
2023-11-24 10:00:00,2003.0,1605.8995404288512,1660.0
2023-11-24 11:00:00,1904.0,1691.6692183855025,1647.0
2023-11-24 12:00:00,1790.0,1778.871779046027,1588.0
2023-11-24 13:00:00,1674.0,1769.4088092588756,1476.0
2023-11-24 14:00:00,1438.0,1639.353837234177,1325.0
2023-11-24 15:00:00,1287.0,1531.4138997604705,1257.0
2023-11-24 16:00:00,1199.0,1576.6668024687692,1190.0
2023-11-24 17:00:00,1191.0,1501.1010015502893,1177.0
2023-11-24 18:00:00,1271.0,1368.2117258734115,1256.0
2023-11-24 19:00:00,1290.0,1242.603195969716,1303.0
2023-11-24 20:00:00,1223.0,1096.7200599584928,1195.0
2023-11-24 21:00:00,1048.0,933.8966781536922,1033.0
2023-11-24 22:00:00,984.0,871.5870599409061,953.0
2023-11-24 23:00:00,957.5,840.970412498246,937.0
2023-11-25 00:00:00,931.0,808.5864705566723,921.0
2023-11-25 01:00:00,913.0,791.3798646418663,922.0
2023-11-25 02:00:00,900.0,780.19697196132,897.0
2023-11-25 03:00:00,891.0,767.3189462730261,900.0
2023-11-25 04:00:00,896.0,766.3222036382067,884.0
2023-11-25 05:00:00,906.0,781.8141763654536,895.0
2023-11-25 06:00:00,925.0,1104.7858982244325,935.0
2023-11-25 07:00:00,910.0,1244.0081449968698,1020.0
2023-11-25 08:00:00,895.0,1383.2132041113573,1105.0
2023-11-25 09:00:00,923.0,1537.1944820522883,1119.0
2023-11-25 10:00:00,923.0,1599.207138018824,1118.0
2023-11-25 11:00:00,928.0,1684.9768159754753,1102.0
2023-11-25 12:00:00,934.0,1772.179376636,1038.0
2023-11-25 13:00:00,919.0,1762.7164068488485,1022.0
2023-11-25 14:00:00,887.0,1632.6614348241499,1009.0
2023-11-25 15:00:00,881.0,1524.7214973504433,1022.0
2023-11-25 16:00:00,891.0,1569.974400058742,1013.0
2023-11-25 17:00:00,962.0,1494.4085991402621,986.0
2023-11-25 18:00:00,1060.0,1361.5193234633844,968.0
2023-11-25 19:00:00,1081.0,1235.9107935596887,1004.0
2023-11-25 20:00:00,1067.0,1090.0276575484656,962.0
2023-11-25 21:00:00,1079.0,927.204275743665,976.0
2023-11-25 22:00:00,1037.0,864.8946575308789,931.0
2023-11-25 23:00:00,976.0,834.2780100882188,923.5
2023-11-26 00:00:00,915.0,801.8940681466452,916.0
2023-11-26 01:00:00,918.0,784.6874622318392,886.0
2023-11-26 02:00:00,912.0,773.5045695512928,882.0
2023-11-26 03:00:00,891.0,760.6265438629989,888.0
2023-11-26 04:00:00,886.0,759.6298012281795,854.0
2023-11-26 05:00:00,900.0,775.1217739554264,900.0
2023-11-26 06:00:00,928.0,1098.0934958144053,906.0
2023-11-26 07:00:00,901.5,1237.3157425868426,903.5
2023-11-26 08:00:00,875.0,1376.5208017013301,901.0
2023-11-26 09:00:00,867.0,1530.5020796422612,871.0
2023-11-26 10:00:00,867.0,1592.5147356087969,888.0
2023-11-26 11:00:00,889.0,1678.2844135654482,898.0
2023-11-26 12:00:00,890.0,1765.4869742259727,899.0
2023-11-26 13:00:00,876.0,1756.0240044388213,909.0
2023-11-26 14:00:00,897.0,1625.9690324141227,934.0
2023-11-26 15:00:00,869.0,1518.0290949404161,923.0
2023-11-26 16:00:00,871.0,1563.2819976487149,925.0
2023-11-26 17:00:00,895.0,1487.716196730235,904.0
2023-11-26 18:00:00,961.0,1354.8269210533572,958.0
2023-11-26 19:00:00,981.0,1229.2183911496616,995.0
2023-11-26 20:00:00,982.0,1083.3352551384385,953.0
2023-11-26 21:00:00,994.0,920.5118733336378,973.0
2023-11-26 22:00:00,972.0,858.2022551208518,938.0
2023-11-26 23:00:00,937.5,827.5856076781916,923.0
2023-11-27 00:00:00,903.0,795.201665736618,908.0
2023-11-27 01:00:00,868.0,777.995059821812,887.0
2023-11-27 02:00:00,870.0,766.8121671412656,860.0
2023-11-27 03:00:00,865.0,753.9341414529717,882.0
2023-11-27 04:00:00,855.0,752.9373988181524,867.0
2023-11-27 05:00:00,887.0,768.4293715453992,886.0
2023-11-27 06:00:00,1031.0,1091.4010934043781,1041.0
2023-11-27 07:00:00,1537.0,1230.6233401768154,1374.5
2023-11-27 08:00:00,2043.0,1369.828399291303,1708.0
2023-11-27 09:00:00,2321.0,1523.809677232234,1879.0
2023-11-27 10:00:00,2387.0,1585.8223331987697,1952.0
2023-11-27 11:00:00,2224.0,1671.592011155421,1878.0
2023-11-27 12:00:00,2128.0,1758.7945718159456,1816.0
2023-11-27 13:00:00,2035.0,1749.3316020287941,1741.0
2023-11-27 14:00:00,1781.0,1619.2766300040955,1581.0
2023-11-27 15:00:00,1598.0,1511.336692530389,1429.0
2023-11-27 16:00:00,1565.0,1556.5895952386877,1480.0
2023-11-27 17:00:00,1501.0,1481.0237943202078,1378.0
2023-11-27 18:00:00,1489.0,1348.13451864333,1431.0
2023-11-27 19:00:00,1394.0,1222.5259887396344,1358.0
2023-11-27 20:00:00,1273.0,1076.6428527284113,1272.0
2023-11-27 21:00:00,1129.0,913.8194709236107,1101.0
2023-11-27 22:00:00,1021.0,851.5098527108246,1018.0
2023-11-27 23:00:00,998.0,820.8932052681645,983.0
2023-11-28 00:00:00,975.0,788.5092633265908,948.0
2023-11-28 01:00:00,915.0,771.3026574117848,926.0
2023-11-28 02:00:00,912.0,760.1197647312384,894.0
2023-11-28 03:00:00,907.0,747.2417390429446,896.0
2023-11-28 04:00:00,903.0,746.2449964081252,891.0
2023-11-28 05:00:00,911.0,761.7369691353721,925.0
2023-11-28 06:00:00,1077.0,1084.708690994351,1071.0
2023-11-28 07:00:00,1492.0,1223.9309377667882,1383.0
2023-11-28 08:00:00,1907.0,1363.1359968812758,1695.0
2023-11-28 09:00:00,2238.0,1517.1172748222068,1937.0
2023-11-28 10:00:00,2304.0,1579.1299307887425,2018.0
2023-11-28 11:00:00,2289.0,1664.8996087453938,1951.0
2023-11-28 12:00:00,2268.0,1752.1021694059184,1836.0
2023-11-28 13:00:00,2080.0,1742.639199618767,1750.0
2023-11-28 14:00:00,1844.0,1612.5842275940684,1550.0
2023-11-28 15:00:00,1697.0,1504.6442901203618,1426.0
2023-11-28 16:00:00,1772.0,1549.8971928286605,1464.0
2023-11-28 17:00:00,1696.0,1474.3313919101806,1413.0
2023-11-28 18:00:00,1677.0,1341.4421162333028,1473.0
2023-11-28 19:00:00,1566.0,1215.8335863296072,1379.0
2023-11-28 20:00:00,1360.0,1069.9504503183841,1248.0
2023-11-28 21:00:00,1103.0,907.1270685135835,1081.0
2023-11-28 22:00:00,1002.0,844.8174503007974,1002.0
2023-11-28 23:00:00,980.5,814.2008028581373,966.0
2023-11-29 00:00:00,959.0,781.8168609165637,930.0
2023-11-29 01:00:00,920.0,764.6102550017577,916.0
2023-11-29 02:00:00,896.0,753.4273623212113,904.0
2023-11-29 03:00:00,892.0,740.5493366329174,886.0
2023-11-29 04:00:00,883.0,739.552593998098,885.0
2023-11-29 05:00:00,920.0,755.0445667253449,918.0
2023-11-29 06:00:00,1056.0,1078.0162885843238,1033.0
2023-11-29 07:00:00,1446.0,1217.238535356761,1368.5
2023-11-29 08:00:00,1836.0,1356.4435944712486,1704.0
2023-11-29 09:00:00,2158.0,1510.4248724121796,1935.0
2023-11-29 10:00:00,2212.0,1572.4375283787153,1953.0
2023-11-29 11:00:00,2287.0,1658.2072063353667,1913.0
2023-11-29 12:00:00,2253.0,1745.4097669958912,1929.0
2023-11-29 13:00:00,2163.0,1735.9467972087398,1821.0
2023-11-29 14:00:00,1884.0,1605.8918251840412,1591.0
2023-11-29 15:00:00,1710.0,1497.9518877103346,1455.0
2023-11-29 16:00:00,1694.0,1543.2047904186334,1474.0
2023-11-29 17:00:00,1645.0,1467.6389895001535,1415.0
2023-11-29 18:00:00,1639.0,1334.7497138232757,1467.0
2023-11-29 19:00:00,1546.0,1209.14118391958,1423.0
2023-11-29 20:00:00,1367.0,1063.258047908357,1269.0
2023-11-29 21:00:00,1089.0,900.4346661035563,1150.0
2023-11-29 22:00:00,1026.0,838.1250478907702,1061.0
2023-11-29 23:00:00,980.5,807.5084004481101,1000.0
2023-11-30 00:00:00,935.0,775.1244585065365,939.0
2023-11-30 01:00:00,898.0,757.9178525917305,914.0
2023-11-30 02:00:00,893.0,746.7349599111841,890.0
2023-11-30 03:00:00,888.0,733.8569342228902,876.0
2023-11-30 04:00:00,901.0,732.8601915880708,879.0
2023-11-30 05:00:00,926.0,748.3521643153177,898.0
2023-11-30 06:00:00,1059.0,1071.3238861742966,1038.0
2023-11-30 07:00:00,1396.5,1210.546132946734,1415.0
2023-11-30 08:00:00,1734.0,1349.7511920612214,1792.0
2023-11-30 09:00:00,2014.0,1503.7324700021525,1939.0
2023-11-30 10:00:00,2111.0,1565.7451259686882,2025.0
2023-11-30 11:00:00,2105.0,1651.5148039253395,1922.0
2023-11-30 12:00:00,2089.0,1738.717364585864,1834.0
2023-11-30 13:00:00,1945.0,1729.2543947987126,1733.0
2023-11-30 14:00:00,1735.0,1599.199422774014,1527.0
2023-11-30 15:00:00,1586.0,1491.2594853003075,1397.0
2023-11-30 16:00:00,1627.0,1536.5123880086062,1432.0
2023-11-30 17:00:00,1586.0,1460.9465870901263,1377.0
2023-11-30 18:00:00,1533.0,1328.0573114132485,1414.0
2023-11-30 19:00:00,1453.0,1202.4487815095529,1353.0
2023-11-30 20:00:00,1316.0,1056.5656454983298,1241.0
2023-11-30 21:00:00,1096.0,893.7422636935291,1114.0
2023-11-30 22:00:00,1004.0,831.4326454807431,1001.0
2023-11-30 23:00:00,978.0,800.815998038083,973.5
2023-12-01 00:00:00,952.0,768.4320560965093,946.0
2023-12-01 01:00:00,936.0,751.2254501817033,917.0
2023-12-01 02:00:00,910.0,740.0425575011569,905.0
2023-12-01 03:00:00,894.0,727.1645318128631,910.0
2023-12-01 04:00:00,888.0,726.1677891780437,884.0
2023-12-01 05:00:00,933.0,741.6597619052906,908.0
2023-12-01 06:00:00,1043.0,1064.6314837642694,1075.0
2023-12-01 07:00:00,1381.0,1203.8537305367067,1462.5
2023-12-01 08:00:00,1719.0,1343.0587896511943,1850.0
2023-12-01 09:00:00,1969.0,1497.0400675921253,2036.0
2023-12-01 10:00:00,2065.0,1559.052723558661,2003.0
2023-12-01 11:00:00,2032.0,1644.8224015153123,1904.0
2023-12-01 12:00:00,1975.0,1732.024962175837,1790.0
2023-12-01 13:00:00,1800.0,1722.5619923886854,1674.0
2023-12-01 14:00:00,1504.0,1592.5070203639868,1438.0
2023-12-01 15:00:00,1391.0,1484.5670828902803,1287.0
2023-12-01 16:00:00,1400.0,1529.819985598579,1199.0
2023-12-01 17:00:00,1364.0,1454.2541846800991,1191.0
2023-12-01 18:00:00,1454.0,1321.3649090032213,1271.0
2023-12-01 19:00:00,1418.0,1195.7563790995257,1290.0
2023-12-01 20:00:00,1292.0,1049.8732430883026,1223.0
2023-12-01 21:00:00,1024.0,887.049861283502,1048.0
2023-12-01 22:00:00,948.0,824.7402430707159,984.0
2023-12-01 23:00:00,927.5,794.1235956280558,957.5
2023-12-02 00:00:00,907.0,761.7396536864821,931.0
2023-12-02 01:00:00,899.0,744.5330477716761,913.0
2023-12-02 02:00:00,869.0,733.3501550911297,900.0
2023-12-02 03:00:00,877.0,720.4721294028359,891.0
2023-12-02 04:00:00,881.0,719.4753867680165,896.0
2023-12-02 05:00:00,897.0,734.9673594952634,906.0
2023-12-02 06:00:00,921.0,1057.9390813542423,925.0
2023-12-02 07:00:00,926.0,1197.1613281266796,910.0
2023-12-02 08:00:00,931.0,1336.366387241167,895.0
2023-12-02 09:00:00,972.0,1490.3476651820981,923.0
2023-12-02 10:00:00,972.0,1552.3603211486338,923.0
2023-12-02 11:00:00,985.0,1638.1299991052852,928.0
2023-12-02 12:00:00,998.0,1725.3325597658097,934.0
2023-12-02 13:00:00,970.0,1715.8695899786583,919.0
2023-12-02 14:00:00,938.0,1585.8146179539597,887.0
2023-12-02 15:00:00,938.0,1477.8746804802531,881.0
2023-12-02 16:00:00,933.0,1523.1275831885519,891.0
2023-12-02 17:00:00,940.0,1447.561782270072,962.0
2023-12-02 18:00:00,990.0,1314.6725065931942,1060.0
2023-12-02 19:00:00,1023.0,1189.0639766894985,1081.0
2023-12-02 20:00:00,967.0,1043.1808406782754,1067.0
2023-12-02 21:00:00,952.0,880.3574588734748,1079.0
2023-12-02 22:00:00,944.0,818.0478406606887,1037.0
2023-12-02 23:00:00,937.5,787.4311932180286,976.0
2023-12-03 00:00:00,931.0,755.047251276455,915.0
2023-12-03 01:00:00,920.0,737.840645361649,918.0
2023-12-03 02:00:00,894.0,726.6577526811026,912.0
2023-12-03 03:00:00,897.0,713.7797269928087,891.0
2023-12-03 04:00:00,885.0,712.7829843579893,886.0
2023-12-03 05:00:00,905.0,728.2749570852362,900.0
2023-12-03 06:00:00,915.0,1051.246678944215,928.0
2023-12-03 07:00:00,906.5,1190.4689257166524,901.5
2023-12-03 08:00:00,898.0,1329.67398483114,875.0
2023-12-03 09:00:00,903.0,1483.655262772071,867.0
2023-12-03 10:00:00,910.0,1545.6679187386067,867.0
2023-12-03 11:00:00,921.0,1631.437596695258,889.0
2023-12-03 12:00:00,915.0,1718.6401573557825,890.0
2023-12-03 13:00:00,931.0,1709.177187568631,876.0
2023-12-03 14:00:00,932.0,1579.1222155439325,897.0
2023-12-03 15:00:00,917.0,1471.182278070226,869.0
2023-12-03 16:00:00,937.0,1516.4351807785247,871.0
2023-12-03 17:00:00,939.0,1440.8693798600448,895.0
2023-12-03 18:00:00,989.0,1307.980104183167,961.0
2023-12-03 19:00:00,1002.0,1182.3715742794714,981.0
2023-12-03 20:00:00,962.0,1036.4884382682483,982.0
2023-12-03 21:00:00,970.0,873.6650564634476,994.0
2023-12-03 22:00:00,967.0,811.3554382506616,972.0
2023-12-03 23:00:00,936.5,780.7387908080015,937.5
2023-12-04 00:00:00,906.0,748.3548488664278,903.0
2023-12-04 01:00:00,876.0,731.1482429516218,868.0
2023-12-04 02:00:00,873.0,719.9653502710754,870.0
2023-12-04 03:00:00,852.0,707.0873245827815,865.0
2023-12-04 04:00:00,850.0,706.0905819479622,855.0
2023-12-04 05:00:00,876.0,721.582554675209,887.0
2023-12-04 06:00:00,992.0,1044.554276534188,1031.0
2023-12-04 07:00:00,1480.5,1183.7765233066252,1537.0
2023-12-04 08:00:00,1969.0,1322.9815824211128,2043.0
2023-12-04 09:00:00,2161.0,1476.9628603620438,2321.0
2023-12-04 10:00:00,2320.0,1538.9755163285795,2387.0
2023-12-04 11:00:00,2366.0,1624.7451942852308,2224.0
2023-12-04 12:00:00,2415.0,1711.9477549457554,2128.0
2023-12-04 13:00:00,2245.0,1702.484785158604,2035.0
2023-12-04 14:00:00,1963.0,1572.4298131339053,1781.0
2023-12-04 15:00:00,1813.0,1464.4898756601988,1598.0
2023-12-04 16:00:00,1783.0,1509.7427783684975,1565.0
2023-12-04 17:00:00,1706.0,1434.1769774500176,1501.0
2023-12-04 18:00:00,1657.0,1301.2877017731398,1489.0
2023-12-04 19:00:00,1531.0,1175.6791718694442,1394.0
2023-12-04 20:00:00,1360.0,1029.796035858221,1273.0
2023-12-04 21:00:00,1102.0,866.9726540534205,1129.0
2023-12-04 22:00:00,989.0,804.6630358406344,1021.0
2023-12-04 23:00:00,952.5,774.0463883979743,998.0
2023-12-05 00:00:00,916.0,741.6624464564006,975.0
2023-12-05 01:00:00,891.0,724.4558405415946,915.0
2023-12-05 02:00:00,869.0,713.2729478610482,912.0
2023-12-05 03:00:00,853.0,700.3949221727544,907.0
2023-12-05 04:00:00,857.0,699.398179537935,903.0
2023-12-05 05:00:00,880.0,714.8901522651819,911.0
2023-12-05 06:00:00,1011.0,1037.8618741241607,1077.0
2023-12-05 07:00:00,1453.0,1177.084120896598,1492.0
2023-12-05 08:00:00,1895.0,1316.2891800110856,1907.0
2023-12-05 09:00:00,2206.0,1470.2704579520166,2238.0
2023-12-05 10:00:00,2293.0,1532.2831139185523,2304.0
2023-12-05 11:00:00,2355.0,1618.0527918752036,2289.0
2023-12-05 12:00:00,2285.0,1705.2553525357282,2268.0
2023-12-05 13:00:00,2060.0,1695.7923827485768,2080.0
2023-12-05 14:00:00,1832.0,1565.7374107238782,1844.0
2023-12-05 15:00:00,1684.0,1457.7974732501716,1697.0
2023-12-05 16:00:00,1656.0,1503.0503759584703,1772.0
2023-12-05 17:00:00,1625.0,1427.4845750399904,1696.0
2023-12-05 18:00:00,1566.0,1294.5952993631126,1677.0
2023-12-05 19:00:00,1501.0,1168.986769459417,1566.0
2023-12-05 20:00:00,1295.0,1023.1036334481939,1360.0
2023-12-05 21:00:00,1023.0,860.2802516433933,1103.0
2023-12-05 22:00:00,949.0,797.9706334306072,1002.0
2023-12-05 23:00:00,927.5,767.3539859879471,980.5
2023-12-06 00:00:00,906.0,734.9700440463735,959.0
2023-12-06 01:00:00,884.0,717.7634381315675,920.0
2023-12-06 02:00:00,887.0,706.5805454510211,896.0
2023-12-06 03:00:00,877.0,693.7025197627272,892.0
2023-12-06 04:00:00,867.0,692.7057771279078,883.0
2023-12-06 05:00:00,886.0,708.1977498551547,920.0
2023-12-06 06:00:00,910.0,1031.1694717141336,1056.0
2023-12-06 07:00:00,916.5,1170.3917184865709,1446.0
2023-12-06 08:00:00,923.0,1309.5967776010584,1836.0
2023-12-06 09:00:00,907.0,1463.5780555419894,2158.0
2023-12-06 10:00:00,949.0,1525.5907115085251,2212.0
2023-12-06 11:00:00,967.0,1611.3603894651765,2287.0
2023-12-06 12:00:00,941.0,1698.562950125701,2253.0
2023-12-06 13:00:00,949.0,1689.0999803385496,2163.0
2023-12-06 14:00:00,931.0,1559.045008313851,1884.0
2023-12-06 15:00:00,975.0,1451.1050708401444,1710.0
2023-12-06 16:00:00,978.0,1496.3579735484432,1694.0
2023-12-06 17:00:00,960.0,1420.7921726299633,1645.0
2023-12-06 18:00:00,1006.0,1287.9028969530855,1639.0
2023-12-06 19:00:00,1018.0,1162.2943670493898,1546.0
2023-12-06 20:00:00,961.0,1016.4112310381668,1367.0
2023-12-06 21:00:00,960.0,853.5878492333661,1089.0
2023-12-06 22:00:00,897.0,791.27823102058,1026.0
2023-12-06 23:00:00,883.5,760.6615835779199,980.5
2023-12-07 00:00:00,870.0,728.2776416363463,935.0
2023-12-07 01:00:00,868.0,711.0710357215403,898.0
2023-12-07 02:00:00,862.0,699.8881430409939,893.0
2023-12-07 03:00:00,857.0,687.0101173527,888.0
2023-12-07 04:00:00,862.0,686.0133747178807,901.0
2023-12-07 05:00:00,866.0,701.5053474451275,926.0
2023-12-07 06:00:00,983.0,1024.4770693041064,1059.0
2023-12-07 07:00:00,1244.0,1163.6993160765437,1396.5
2023-12-07 08:00:00,1505.0,1302.9043751910312,1734.0
2023-12-07 09:00:00,1537.0,1456.8856531319623,2014.0
2023-12-07 10:00:00,1622.0,1518.898309098498,2111.0
2023-12-07 11:00:00,1655.0,1604.6679870551493,2105.0
2023-12-07 12:00:00,1622.0,1691.8705477156739,2089.0
2023-12-07 13:00:00,1473.0,1682.4075779285224,1945.0
2023-12-07 14:00:00,1332.0,1552.3526059038238,1735.0
2023-12-07 15:00:00,1275.0,1444.4126684301173,1586.0
2023-12-07 16:00:00,1269.0,1489.665571138416,1627.0
2023-12-07 17:00:00,1298.0,1414.099770219936,1586.0
2023-12-07 18:00:00,1349.0,1281.2104945430583,1533.0
2023-12-07 19:00:00,1336.0,1155.6019646393627,1453.0
2023-12-07 20:00:00,1207.0,1009.7188286281396,1316.0
2023-12-07 21:00:00,993.0,846.895446823339,1096.0
2023-12-07 22:00:00,946.0,784.5858286105529,1004.0
2023-12-07 23:00:00,927.5,753.9691811678928,978.0
2023-12-08 00:00:00,909.0,721.5852392263191,952.0
2023-12-08 01:00:00,864.0,704.3786333115131,936.0
2023-12-08 02:00:00,877.0,693.1957406309667,910.0
2023-12-08 03:00:00,849.0,680.3177149426729,894.0
2023-12-08 04:00:00,845.0,679.3209723078535,888.0
2023-12-08 05:00:00,875.0,694.8129450351004,933.0
2023-12-08 06:00:00,900.0,1017.7846668940794,1043.0
2023-12-08 07:00:00,918.5,1157.0069136665168,1381.0
2023-12-08 08:00:00,937.0,1296.2119727810043,1719.0
2023-12-08 09:00:00,887.0,1450.1932507219353,1969.0
2023-12-08 10:00:00,911.0,1512.205906688471,2065.0
2023-12-08 11:00:00,915.0,1597.9755846451224,2032.0
2023-12-08 12:00:00,907.0,1685.178145305647,1975.0
2023-12-08 13:00:00,903.0,1675.7151755184955,1800.0
2023-12-08 14:00:00,892.0,1545.6602034937969,1504.0
2023-12-08 15:00:00,908.0,1437.7202660200903,1391.0
2023-12-08 16:00:00,901.0,1482.973168728389,1400.0
2023-12-08 17:00:00,930.0,1407.4073678099091,1364.0
2023-12-08 18:00:00,975.0,1274.5180921330314,1454.0
2023-12-08 19:00:00,1003.0,1148.9095622293357,1418.0
2023-12-08 20:00:00,942.0,1003.0264262181126,1292.0
2023-12-08 21:00:00,915.0,840.203044413312,1024.0
2023-12-08 22:00:00,908.0,777.8934262005259,948.0
2023-12-08 23:00:00,894.5,747.2767787578658,927.5
2023-12-09 00:00:00,881.0,714.8928368162922,907.0
2023-12-09 01:00:00,869.0,697.6862309014862,899.0
2023-12-09 02:00:00,853.0,686.5033382209398,869.0
2023-12-09 03:00:00,868.0,673.6253125326459,877.0
2023-12-09 04:00:00,865.0,672.6285698978265,881.0
2023-12-09 05:00:00,861.0,688.1205426250734,897.0
2023-12-09 06:00:00,902.0,1011.0922644840524,921.0
2023-12-09 07:00:00,894.5,1150.3145112564898,926.0
2023-12-09 08:00:00,887.0,1289.5195703709774,931.0
2023-12-09 09:00:00,880.0,1443.5008483119084,972.0
2023-12-09 10:00:00,878.0,1505.513504278444,972.0
2023-12-09 11:00:00,889.0,1591.2831822350954,985.0
2023-12-09 12:00:00,859.0,1678.48574289562,998.0
2023-12-09 13:00:00,859.0,1669.0227731084685,970.0
2023-12-09 14:00:00,858.0,1538.96780108377,938.0
2023-12-09 15:00:00,855.0,1431.0278636100634,938.0
2023-12-09 16:00:00,876.0,1476.280766318362,933.0
2023-12-09 17:00:00,903.0,1400.7149653998822,940.0
2023-12-09 18:00:00,982.0,1267.8256897230044,990.0
2023-12-09 19:00:00,1007.0,1142.2171598193088,1023.0
2023-12-09 20:00:00,946.0,996.3340238080857,967.0
2023-12-09 21:00:00,928.0,833.510642003285,952.0
2023-12-09 22:00:00,914.0,771.201023790499,944.0
2023-12-09 23:00:00,904.5,740.5843763478389,937.5
2023-12-10 00:00:00,895.0,708.2004344062652,931.0
2023-12-10 01:00:00,884.0,690.9938284914592,920.0
2023-12-10 02:00:00,881.0,679.8109358109128,894.0
2023-12-10 03:00:00,861.0,666.932910122619,897.0
2023-12-10 04:00:00,871.0,665.9361674877996,885.0
2023-12-10 05:00:00,870.0,681.4281402150465,905.0
2023-12-10 06:00:00,895.0,1004.3998620740255,915.0
2023-12-10 07:00:00,881.0,1143.6221088464629,906.5
2023-12-10 08:00:00,867.0,1282.8271679609504,898.0
2023-12-10 09:00:00,863.0,1436.8084459018814,903.0
2023-12-10 10:00:00,886.0,1498.8211018684171,910.0
2023-12-10 11:00:00,886.0,1584.5907798250685,921.0
2023-12-10 12:00:00,888.0,1671.793340485593,915.0
2023-12-10 13:00:00,898.0,1662.3303706984416,931.0
2023-12-10 14:00:00,902.0,1532.275398673743,932.0
2023-12-10 15:00:00,893.0,1424.3354612000364,917.0
2023-12-10 16:00:00,890.0,1469.5883639083352,937.0
2023-12-10 17:00:00,909.0,1394.0225629898553,939.0
2023-12-10 18:00:00,968.0,1261.1332873129775,989.0
2023-12-10 19:00:00,983.0,1135.5247574092818,1002.0
2023-12-10 20:00:00,946.0,989.6416213980588,962.0
2023-12-10 21:00:00,969.0,826.8182395932581,970.0
2023-12-10 22:00:00,963.0,764.508621380472,967.0
2023-12-10 23:00:00,957.5,733.8919739378119,936.5
2023-12-11 00:00:00,952.0,701.5080319962383,906.0
2023-12-11 01:00:00,896.0,684.3014260814323,876.0
2023-12-11 02:00:00,899.0,673.1185334008859,873.0
2023-12-11 03:00:00,878.0,660.240507712592,852.0
2023-12-11 04:00:00,871.0,659.2437650777727,850.0
2023-12-11 05:00:00,883.0,674.7357378050195,876.0
2023-12-11 06:00:00,991.0,997.7074596639985,992.0
2023-12-11 07:00:00,1475.0,1136.929706436436,1480.5
2023-12-11 08:00:00,1959.0,1276.1347655509235,1969.0
2023-12-11 09:00:00,2300.0,1430.1160434918545,2161.0
2023-12-11 10:00:00,2399.0,1492.1286994583902,2320.0
2023-12-11 11:00:00,2337.0,1577.8983774150415,2366.0
2023-12-11 12:00:00,2257.0,1665.100938075566,2415.0
2023-12-11 13:00:00,2095.0,1655.6379682884146,2245.0
2023-12-11 14:00:00,1822.0,1525.582996263716,1963.0
2023-12-11 15:00:00,1669.0,1417.6430587900095,1813.0
2023-12-11 16:00:00,1662.0,1462.8959614983082,1783.0
2023-12-11 17:00:00,1607.0,1387.3301605798283,1706.0
2023-12-11 18:00:00,1601.0,1254.4408849029505,1657.0
2023-12-11 19:00:00,1592.0,1128.832354999255,1531.0
2023-12-11 20:00:00,1390.0,982.9492189880318,1360.0
2023-12-11 21:00:00,1125.0,820.1258371832312,1102.0
2023-12-11 22:00:00,1058.0,757.8162189704451,989.0
2023-12-11 23:00:00,999.5,727.199571527785,952.5
2023-12-12 00:00:00,941.0,694.8156295862113,916.0
2023-12-12 01:00:00,903.0,677.6090236714053,891.0
2023-12-12 02:00:00,894.0,666.426130990859,869.0
2023-12-12 03:00:00,889.0,653.5481053025651,853.0
2023-12-12 04:00:00,890.0,652.5513626677457,857.0
2023-12-12 05:00:00,915.0,668.0433353949926,880.0
2023-12-12 06:00:00,1045.0,991.0150572539716,1011.0
2023-12-12 07:00:00,1493.5,1130.237304026409,1453.0
2023-12-12 08:00:00,1942.0,1269.4423631408965,1895.0
2023-12-12 09:00:00,2117.0,1423.4236410818276,2206.0
2023-12-12 10:00:00,2157.0,1485.4362970483633,2293.0
2023-12-12 11:00:00,2105.0,1571.2059750050146,2355.0
2023-12-12 12:00:00,2055.0,1658.4085356655391,2285.0
2023-12-12 13:00:00,1902.0,1648.9455658783877,2060.0
2023-12-12 14:00:00,1701.0,1518.890593853689,1832.0
2023-12-12 15:00:00,1572.0,1410.9506563799825,1684.0
2023-12-12 16:00:00,1595.0,1456.2035590882813,1656.0
2023-12-12 17:00:00,1575.0,1380.6377581698014,1625.0
2023-12-12 18:00:00,1583.0,1247.7484824929236,1566.0
2023-12-12 19:00:00,1518.0,1122.139952589228,1501.0
2023-12-12 20:00:00,1402.0,976.2568165780049,1295.0
2023-12-12 21:00:00,1114.0,813.4334347732042,1023.0
2023-12-12 22:00:00,1015.0,751.1238165604182,949.0
2023-12-12 23:00:00,989.5,720.507169117758,927.5
2023-12-13 00:00:00,964.0,688.1232271761844,906.0
2023-12-13 01:00:00,923.0,670.9166212613784,884.0
2023-12-13 02:00:00,906.0,659.733728580832,887.0
2023-12-13 03:00:00,919.0,646.8557028925381,877.0
2023-12-13 04:00:00,903.0,645.8589602577188,867.0
2023-12-13 05:00:00,930.0,661.3509329849657,886.0
2023-12-13 06:00:00,1038.0,984.3226548439446,910.0
2023-12-13 07:00:00,1413.5,1123.544901616382,916.5
2023-12-13 08:00:00,1789.0,1262.7499607308696,923.0
2023-12-13 09:00:00,2033.0,1416.7312386718006,907.0
2023-12-13 10:00:00,2090.0,1478.7438946383363,949.0
2023-12-13 11:00:00,2118.0,1564.5135725949876,967.0
2023-12-13 12:00:00,2141.0,1651.7161332555122,941.0
2023-12-13 13:00:00,2029.0,1642.2531634683608,949.0
2023-12-13 14:00:00,1794.0,1512.1981914436622,931.0
2023-12-13 15:00:00,1596.0,1404.2582539699556,975.0
2023-12-13 16:00:00,1601.0,1449.5111566782543,978.0
2023-12-13 17:00:00,1571.0,1373.9453557597744,960.0
2023-12-13 18:00:00,1589.0,1241.0560800828966,1006.0
2023-12-13 19:00:00,1558.0,1115.447550179201,1018.0
2023-12-13 20:00:00,1373.0,969.5644141679779,961.0
2023-12-13 21:00:00,1098.0,806.7410323631773,960.0
2023-12-13 22:00:00,1044.0,744.4314141503912,897.0
2023-12-13 23:00:00,1004.0,713.8147667077311,883.5
2023-12-14 00:00:00,964.0,681.4308247661575,870.0
2023-12-14 01:00:00,935.0,664.2242188513515,868.0
2023-12-14 02:00:00,929.0,653.0413261708051,862.0
2023-12-14 03:00:00,926.0,640.1633004825112,857.0
2023-12-14 04:00:00,914.0,639.1665578476918,862.0
2023-12-14 05:00:00,932.0,654.6585305749387,866.0
2023-12-14 06:00:00,1047.0,977.6302524339177,983.0
2023-12-14 07:00:00,1518.0,1116.852499206355,1244.0
2023-12-14 08:00:00,1989.0,1256.0575583208426,1505.0
2023-12-14 09:00:00,2226.0,1410.0388362617737,1537.0
2023-12-14 10:00:00,2253.0,1472.0514922283094,1622.0
2023-12-14 11:00:00,2153.0,1557.8211701849607,1655.0
2023-12-14 12:00:00,2111.0,1645.0237308454853,1622.0
2023-12-14 13:00:00,1951.0,1635.5607610583338,1473.0
2023-12-14 14:00:00,1748.0,1505.5057890336352,1332.0
2023-12-14 15:00:00,1578.0,1397.5658515599287,1275.0
2023-12-14 16:00:00,1579.0,1442.8187542682274,1269.0
2023-12-14 17:00:00,1510.0,1367.2529533497475,1298.0
2023-12-14 18:00:00,1502.0,1234.3636776728697,1349.0
2023-12-14 19:00:00,1476.0,1108.755147769174,1336.0
2023-12-14 20:00:00,1330.0,962.872011757951,1207.0
2023-12-14 21:00:00,1099.0,800.0486299531503,993.0
2023-12-14 22:00:00,1053.0,737.7390117403643,946.0
2023-12-14 23:00:00,1002.0,707.1223642977042,927.5
2023-12-15 00:00:00,951.0,674.7384223561305,909.0
2023-12-15 01:00:00,926.0,657.5318164413245,864.0
2023-12-15 02:00:00,923.0,646.3489237607781,877.0
2023-12-15 03:00:00,901.0,633.4708980724843,849.0
2023-12-15 04:00:00,905.0,632.4741554376649,845.0
2023-12-15 05:00:00,914.0,647.9661281649118,875.0
2023-12-15 06:00:00,1047.0,970.9378500238907,900.0
2023-12-15 07:00:00,1481.5,1110.1600967963282,918.5
2023-12-15 08:00:00,1916.0,1249.3651559108157,937.0
2023-12-15 09:00:00,2117.0,1403.3464338517467,887.0
2023-12-15 10:00:00,2103.0,1465.3590898182824,911.0
2023-12-15 11:00:00,2070.0,1551.1287677749337,915.0
2023-12-15 12:00:00,1999.0,1638.3313284354583,907.0
2023-12-15 13:00:00,1817.0,1628.8683586483069,903.0
2023-12-15 14:00:00,1547.0,1498.8133866236083,892.0
2023-12-15 15:00:00,1435.0,1390.8734491499017,908.0
2023-12-15 16:00:00,1377.0,1436.1263518582005,901.0
2023-12-15 17:00:00,1364.0,1360.5605509397205,930.0
2023-12-15 18:00:00,1431.0,1227.6712752628428,975.0
2023-12-15 19:00:00,1470.0,1102.0627453591471,1003.0
2023-12-15 20:00:00,1266.0,956.179609347924,942.0
2023-12-15 21:00:00,1038.0,793.3562275431234,915.0
2023-12-15 22:00:00,984.0,731.0466093303373,908.0
2023-12-15 23:00:00,958.5,700.4299618876772,894.5
2023-12-16 00:00:00,933.0,668.0460199461036,881.0
2023-12-16 01:00:00,929.0,650.8394140312976,869.0
2023-12-16 02:00:00,898.0,639.6565213507512,853.0
2023-12-16 03:00:00,884.0,626.7784956624573,868.0
2023-12-16 04:00:00,873.0,625.7817530276379,865.0
2023-12-16 05:00:00,887.0,641.2737257548848,861.0
2023-12-16 06:00:00,929.0,964.2454476138638,902.0
2023-12-16 07:00:00,924.0,1103.4676943863012,894.5
2023-12-16 08:00:00,919.0,1242.6727535007888,887.0
2023-12-16 09:00:00,1111.0,1396.6540314417198,880.0
2023-12-16 10:00:00,1010.0,1458.6666874082555,878.0
2023-12-16 11:00:00,1018.0,1544.4363653649068,889.0
2023-12-16 12:00:00,988.0,1631.6389260254314,859.0
2023-12-16 13:00:00,960.0,1622.17595623828,859.0
2023-12-16 14:00:00,939.0,1492.1209842135813,858.0
2023-12-16 15:00:00,929.0,1384.1810467398748,855.0
2023-12-16 16:00:00,916.0,1429.4339494481735,876.0
2023-12-16 17:00:00,927.0,1353.8681485296936,903.0
2023-12-16 18:00:00,1002.0,1220.9788728528158,982.0
2023-12-16 19:00:00,1023.0,1095.3703429491202,1007.0
2023-12-16 20:00:00,959.0,949.4872069378971,946.0
2023-12-16 21:00:00,1006.0,786.6638251330965,928.0
2023-12-16 22:00:00,963.0,724.3542069203104,914.0
2023-12-16 23:00:00,941.0,693.7375594776503,904.5
2023-12-17 00:00:00,919.0,661.3536175360766,895.0
2023-12-17 01:00:00,903.0,644.1470116212706,884.0
2023-12-17 02:00:00,893.0,632.9641189407242,881.0
2023-12-17 03:00:00,878.0,620.0860932524304,861.0
2023-12-17 04:00:00,886.0,619.089350617611,871.0
2023-12-17 05:00:00,887.0,634.5813233448579,870.0
2023-12-17 06:00:00,897.0,957.5530452038369,895.0
2023-12-17 07:00:00,917.0,1096.7752919762743,881.0
2023-12-17 08:00:00,937.0,1235.9803510907618,867.0
2023-12-17 09:00:00,924.0,1389.9616290316928,863.0
2023-12-17 10:00:00,942.0,1451.9742849982285,886.0
2023-12-17 11:00:00,921.0,1537.7439629548799,886.0
2023-12-17 12:00:00,908.0,1624.9465236154044,888.0
2023-12-17 13:00:00,927.0,1615.483553828253,898.0
2023-12-17 14:00:00,922.0,1485.4285818035544,902.0
2023-12-17 15:00:00,908.0,1377.4886443298478,893.0
2023-12-17 16:00:00,927.0,1422.7415470381466,890.0
2023-12-17 17:00:00,935.0,1347.1757461196667,909.0
2023-12-17 18:00:00,1041.0,1214.2864704427889,968.0
2023-12-17 19:00:00,1069.0,1088.6779405390932,983.0
2023-12-17 20:00:00,1008.0,942.7948045278702,946.0
2023-12-17 21:00:00,1015.0,779.9714227230695,969.0
2023-12-17 22:00:00,979.0,717.6618045102834,963.0
2023-12-17 23:00:00,947.5,687.0451570676233,957.5
2023-12-18 00:00:00,916.0,654.6612151260497,952.0
2023-12-18 01:00:00,897.0,637.4546092112437,896.0
2023-12-18 02:00:00,882.0,626.2717165306973,899.0
2023-12-18 03:00:00,864.0,613.3936908424034,878.0
2023-12-18 04:00:00,877.0,612.396948207584,871.0
2023-12-18 05:00:00,874.0,627.8889209348309,883.0
2023-12-18 06:00:00,1012.0,950.8606427938099,991.0
2023-12-18 07:00:00,1630.0,1090.0828895662473,1475.0
2023-12-18 08:00:00,2248.0,1229.2879486807349,1959.0
2023-12-18 09:00:00,2665.0,1383.269226621666,2300.0
2023-12-18 10:00:00,2707.0,1445.2818825882016,2399.0
2023-12-18 11:00:00,2599.0,1531.051560544853,2337.0
2023-12-18 12:00:00,2494.0,1618.2541212053775,2257.0
2023-12-18 13:00:00,2282.0,1608.791151418226,2095.0
2023-12-18 14:00:00,1946.0,1478.7361793935274,1822.0
2023-12-18 15:00:00,1829.0,1370.796241919821,1669.0
2023-12-18 16:00:00,1893.0,1416.0491446281196,1662.0
2023-12-18 17:00:00,1780.0,1340.4833437096397,1607.0
2023-12-18 18:00:00,1796.0,1207.594068032762,1601.0
2023-12-18 19:00:00,1701.0,1081.9855381290663,1592.0
2023-12-18 20:00:00,1436.0,936.1024021178432,1390.0
2023-12-18 21:00:00,1146.0,773.2790203130426,1125.0
2023-12-18 22:00:00,1044.0,710.9694021002565,1058.0
2023-12-18 23:00:00,1001.0,680.3527546575964,999.5
2023-12-19 00:00:00,958.0,647.9688127160227,941.0
2023-12-19 01:00:00,934.0,630.7622068012167,903.0
2023-12-19 02:00:00,896.0,619.5793141206703,894.0
2023-12-19 03:00:00,903.0,606.7012884323765,889.0
2023-12-19 04:00:00,891.0,605.7045457975571,890.0
2023-12-19 05:00:00,908.0,621.196518524804,915.0
2023-12-19 06:00:00,1068.0,944.168240383783,1045.0
2023-12-19 07:00:00,1674.0,1083.3904871562204,1493.5
2023-12-19 08:00:00,2280.0,1222.595546270708,1942.0
2023-12-19 09:00:00,2684.0,1376.576824211639,2117.0
2023-12-19 10:00:00,2699.0,1438.5894801781747,2157.0
2023-12-19 11:00:00,2673.0,1524.359158134826,2105.0
2023-12-19 12:00:00,2558.0,1611.5617187953505,2055.0
2023-12-19 13:00:00,2300.0,1602.098749008199,1902.0
2023-12-19 14:00:00,1900.0,1472.0437769835005,1701.0
2023-12-19 15:00:00,1762.0,1364.103839509794,1572.0
2023-12-19 16:00:00,1768.0,1409.3567422180927,1595.0
2023-12-19 17:00:00,1723.0,1333.7909412996128,1575.0
2023-12-19 18:00:00,1700.0,1200.901665622735,1583.0
2023-12-19 19:00:00,1630.0,1075.2931357190394,1518.0
2023-12-19 20:00:00,1392.0,929.4099997078163,1402.0
2023-12-19 21:00:00,1144.0,766.5866179030156,1114.0
2023-12-19 22:00:00,1064.0,704.2769996902296,1015.0
2023-12-19 23:00:00,1020.0,673.6603522475694,989.5
2023-12-20 00:00:00,976.0,641.2764103059958,964.0
2023-12-20 01:00:00,948.0,624.0698043911898,923.0
2023-12-20 02:00:00,922.0,612.8869117106434,906.0
2023-12-20 03:00:00,918.0,600.0088860223495,919.0
2023-12-20 04:00:00,918.0,599.0121433875302,903.0
2023-12-20 05:00:00,943.0,614.504116114777,930.0
2023-12-20 06:00:00,1092.0,937.475837973756,1038.0
2023-12-20 07:00:00,1724.0,1076.6980847461934,1413.5
2023-12-20 08:00:00,2356.0,1215.903143860681,1789.0
2023-12-20 09:00:00,2633.0,1369.884421801612,2033.0
2023-12-20 10:00:00,2775.0,1431.8970777681477,2090.0
2023-12-20 11:00:00,2709.0,1517.666755724799,2118.0
2023-12-20 12:00:00,2647.0,1604.8693163853236,2141.0
2023-12-20 13:00:00,2453.0,1595.4063465981721,2029.0
2023-12-20 14:00:00,2130.0,1465.3513745734735,1794.0
2023-12-20 15:00:00,1872.0,1357.411437099767,1596.0
2023-12-20 16:00:00,1830.0,1402.6643398080657,1601.0
2023-12-20 17:00:00,1777.0,1327.0985388895858,1571.0
2023-12-20 18:00:00,1757.0,1194.209263212708,1589.0
2023-12-20 19:00:00,1646.0,1068.6007333090124,1558.0
2023-12-20 20:00:00,1411.0,922.7175972977893,1373.0
2023-12-20 21:00:00,1142.0,759.8942154929887,1098.0
2023-12-20 22:00:00,1061.0,697.5845972802026,1044.0
2023-12-20 23:00:00,1027.0,666.9679498375425,1004.0
2023-12-21 00:00:00,993.0,634.5840078959689,964.0
2023-12-21 01:00:00,958.0,617.3774019811628,935.0
2023-12-21 02:00:00,948.0,606.1945093006165,929.0
2023-12-21 03:00:00,914.0,593.3164836123226,926.0
2023-12-21 04:00:00,943.0,592.3197409775032,914.0
2023-12-21 05:00:00,933.0,607.8117137047501,932.0
2023-12-21 06:00:00,1064.0,930.7834355637291,1047.0
2023-12-21 07:00:00,1657.0,1070.0056823361665,1518.0
2023-12-21 08:00:00,2250.0,1209.210741450654,1989.0
2023-12-21 09:00:00,2525.0,1363.192019391585,2226.0
2023-12-21 10:00:00,2533.0,1425.2046753581208,2253.0
2023-12-21 11:00:00,2472.0,1510.974353314772,2153.0
2023-12-21 12:00:00,2423.0,1598.1769139752967,2111.0
2023-12-21 13:00:00,2118.0,1588.7139441881452,1951.0
2023-12-21 14:00:00,1801.0,1458.6589721634466,1748.0
2023-12-21 15:00:00,1625.0,1350.71903468974,1578.0
2023-12-21 16:00:00,1672.0,1395.9719373980388,1579.0
2023-12-21 17:00:00,1555.0,1320.4061364795589,1510.0
2023-12-21 18:00:00,1544.0,1187.516860802681,1502.0
2023-12-21 19:00:00,1522.0,1061.9083308989855,1476.0
2023-12-21 20:00:00,1303.0,916.0251948877624,1330.0
2023-12-21 21:00:00,1068.0,753.2018130829617,1099.0
2023-12-21 22:00:00,1015.0,690.8921948701757,1053.0
2023-12-21 23:00:00,996.5,660.2755474275156,1002.0
2023-12-22 00:00:00,978.0,627.8916054859419,951.0
2023-12-22 01:00:00,951.0,610.6849995711359,926.0
2023-12-22 02:00:00,955.0,599.5021068905895,923.0
2023-12-22 03:00:00,916.0,586.6240812022957,901.0
2023-12-22 04:00:00,916.0,585.6273385674763,905.0
2023-12-22 05:00:00,916.0,601.1193112947232,914.0
2023-12-22 06:00:00,1043.0,924.0910331537021,1047.0
2023-12-22 07:00:00,1467.0,1063.3132799261396,1481.5
2023-12-22 08:00:00,1891.0,1202.518339040627,1916.0
2023-12-22 09:00:00,2094.0,1356.4996169815581,2117.0
2023-12-22 10:00:00,2074.0,1418.5122729480938,2103.0
2023-12-22 11:00:00,2008.0,1504.2819509047451,2070.0
2023-12-22 12:00:00,1866.0,1591.4845115652697,1999.0
2023-12-22 13:00:00,1619.0,1582.0215417781183,1817.0
2023-12-22 14:00:00,1395.0,1451.9665697534197,1547.0
2023-12-22 15:00:00,1233.0,1344.026632279713,1435.0
2023-12-22 16:00:00,1172.0,1389.2795349880118,1377.0
2023-12-22 17:00:00,1130.0,1313.713734069532,1364.0
2023-12-22 18:00:00,1224.0,1180.8244583926542,1431.0
2023-12-22 19:00:00,1222.0,1055.2159284889585,1470.0
2023-12-22 20:00:00,1115.0,909.3327924777354,1266.0
2023-12-22 21:00:00,957.0,746.5094106729348,1038.0
2023-12-22 22:00:00,903.0,684.1997924601487,984.0
2023-12-22 23:00:00,892.5,653.5831450174886,958.5
2023-12-23 00:00:00,882.0,621.199203075915,933.0
2023-12-23 01:00:00,868.0,603.992597161109,929.0
2023-12-23 02:00:00,857.0,592.8097044805626,898.0
2023-12-23 03:00:00,842.0,579.9316787922687,884.0
2023-12-23 04:00:00,850.0,578.9349361574493,873.0
2023-12-23 05:00:00,866.0,594.4269088846962,887.0
2023-12-23 06:00:00,887.0,917.3986307436752,929.0
2023-12-23 07:00:00,882.5,1056.6208775161126,924.0
2023-12-23 08:00:00,878.0,1195.8259366306002,919.0
2023-12-23 09:00:00,885.0,1349.8072145715312,1111.0
2023-12-23 10:00:00,889.0,1411.8198705380669,1010.0
2023-12-23 11:00:00,876.0,1497.5895484947182,1018.0
2023-12-23 12:00:00,863.0,1584.7921091552428,988.0
2023-12-23 13:00:00,850.0,1575.3291393680913,960.0
2023-12-23 14:00:00,854.0,1445.2741673433927,939.0
2023-12-23 15:00:00,853.0,1337.3342298696862,929.0
2023-12-23 16:00:00,842.0,1382.587132577985,916.0
2023-12-23 17:00:00,859.0,1307.021331659505,927.0
2023-12-23 18:00:00,915.0,1174.1320559826272,1002.0
2023-12-23 19:00:00,932.0,1048.5235260789316,1023.0
2023-12-23 20:00:00,881.0,902.6403900677085,959.0
2023-12-23 21:00:00,882.0,739.8170082629078,1006.0
2023-12-23 22:00:00,855.0,677.5073900501218,963.0
2023-12-23 23:00:00,848.0,646.8907426074617,941.0
2023-12-24 00:00:00,841.0,614.506800665888,919.0
2023-12-24 01:00:00,834.0,597.300194751082,903.0
2023-12-24 02:00:00,833.0,586.1173020705356,893.0
2023-12-24 03:00:00,825.0,573.2392763822418,878.0
2023-12-24 04:00:00,820.0,572.2425337474224,886.0
2023-12-24 05:00:00,847.0,587.7345064746693,887.0
2023-12-24 06:00:00,864.0,910.7062283336483,897.0
2023-12-24 07:00:00,856.5,1049.9284751060857,917.0
2023-12-24 08:00:00,849.0,1189.1335342205732,937.0
2023-12-24 09:00:00,818.0,1343.1148121615042,924.0
2023-12-24 10:00:00,810.0,1405.12746812804,942.0
2023-12-24 11:00:00,811.0,1490.8971460846913,921.0
2023-12-24 12:00:00,805.0,1578.0997067452158,908.0
2023-12-24 13:00:00,804.0,1568.6367369580644,927.0
2023-12-24 14:00:00,800.0,1438.5817649333658,922.0
2023-12-24 15:00:00,800.0,1330.6418274596592,908.0
2023-12-24 16:00:00,795.0,1375.894730167958,927.0
2023-12-24 17:00:00,797.0,1300.328929249478,935.0
2023-12-24 18:00:00,848.0,1167.4396535726003,1041.0
2023-12-24 19:00:00,880.0,1041.8311236689046,1069.0
2023-12-24 20:00:00,852.0,895.9479876576816,1008.0
2023-12-24 21:00:00,835.0,733.1246058528809,1015.0
2023-12-24 22:00:00,824.0,670.8149876400948,979.0
2023-12-24 23:00:00,818.0,640.1983401974347,947.5
2023-12-25 00:00:00,812.0,607.8143982558611,916.0
2023-12-25 01:00:00,817.0,590.6077923410551,897.0
2023-12-25 02:00:00,817.0,579.4248996605087,882.0
2023-12-25 03:00:00,809.0,566.5468739722148,864.0
2023-12-25 04:00:00,812.0,565.5501313373954,877.0
2023-12-25 05:00:00,822.0,581.0421040646423,874.0
2023-12-25 06:00:00,868.0,904.0138259236213,1012.0
2023-12-25 07:00:00,861.0,1043.2360726960587,1630.0
2023-12-25 08:00:00,854.0,1182.4411318105463,2248.0
2023-12-25 09:00:00,824.0,1336.4224097514773,2665.0
2023-12-25 10:00:00,814.0,1398.435065718013,2707.0
2023-12-25 11:00:00,808.0,1484.2047436746643,2599.0
2023-12-25 12:00:00,793.0,1571.4073043351889,2494.0
2023-12-25 13:00:00,797.0,1561.9443345480374,2282.0
2023-12-25 14:00:00,806.0,1431.8893625233388,1946.0
2023-12-25 15:00:00,797.0,1323.9494250496323,1829.0
2023-12-25 16:00:00,829.0,1369.202327757931,1893.0
2023-12-25 17:00:00,832.0,1293.636526839451,1780.0
2023-12-25 18:00:00,880.0,1160.7472511625733,1796.0
2023-12-25 19:00:00,916.0,1035.1387212588777,1701.0
2023-12-25 20:00:00,892.0,889.2555852476546,1436.0
2023-12-25 21:00:00,879.0,726.432203442854,1146.0
2023-12-25 22:00:00,862.0,664.1225852300679,1044.0
2023-12-25 23:00:00,851.5,633.5059377874078,1001.0
2023-12-26 00:00:00,841.0,601.1219958458341,958.0
2023-12-26 01:00:00,832.0,583.9153899310281,934.0
2023-12-26 02:00:00,837.0,572.7324972504817,896.0
2023-12-26 03:00:00,829.0,559.8544715621879,903.0
2023-12-26 04:00:00,841.0,558.8577289273685,891.0
2023-12-26 05:00:00,855.0,574.3497016546154,908.0
2023-12-26 06:00:00,938.0,897.3214235135944,1068.0
2023-12-26 07:00:00,1203.5,1036.5436702860318,1674.0
2023-12-26 08:00:00,1469.0,1175.7487294005193,2280.0
2023-12-26 09:00:00,1543.0,1329.7300073414503,2684.0
2023-12-26 10:00:00,1564.0,1391.742663307986,2699.0
2023-12-26 11:00:00,1510.0,1477.5123412646374,2673.0
2023-12-26 12:00:00,1355.0,1564.714901925162,2558.0
2023-12-26 13:00:00,1223.0,1555.2519321380105,2300.0
2023-12-26 14:00:00,1094.0,1425.196960113312,1900.0
2023-12-26 15:00:00,1111.0,1317.2570226396053,1762.0
2023-12-26 16:00:00,1089.0,1362.509925347904,1768.0
2023-12-26 17:00:00,1075.0,1286.9441244294242,1723.0
2023-12-26 18:00:00,1121.0,1154.0548487525464,1700.0
2023-12-26 19:00:00,1109.0,1028.4463188488508,1630.0
2023-12-26 20:00:00,1005.0,882.5631828376277,1392.0
2023-12-26 21:00:00,861.0,719.739801032827,1144.0
2023-12-26 22:00:00,864.0,657.430182820041,1064.0
2023-12-26 23:00:00,848.0,626.8135353773808,1020.0
2023-12-27 00:00:00,832.0,594.4295934358072,976.0
2023-12-27 01:00:00,830.0,577.2229875210012,948.0
2023-12-27 02:00:00,822.0,566.0400948404548,922.0
2023-12-27 03:00:00,835.0,553.1620691521609,918.0
2023-12-27 04:00:00,822.0,552.1653265173416,918.0
2023-12-27 05:00:00,843.0,567.6572992445884,943.0
2023-12-27 06:00:00,944.0,890.6290211035674,1092.0
2023-12-27 07:00:00,1186.0,1029.8512678760048,1724.0
2023-12-27 08:00:00,1428.0,1169.0563269904924,2356.0
2023-12-27 09:00:00,1362.0,1323.0376049314234,2633.0
2023-12-27 10:00:00,1348.0,1385.050260897959,2775.0
2023-12-27 11:00:00,1304.0,1470.8199388546104,2709.0
2023-12-27 12:00:00,1289.0,1558.022499515135,2647.0
2023-12-27 13:00:00,1199.0,1548.5595297279835,2453.0
2023-12-27 14:00:00,1066.0,1418.504557703285,2130.0
2023-12-27 15:00:00,1083.0,1310.5646202295784,1872.0
2023-12-27 16:00:00,1057.0,1355.8175229378771,1830.0
2023-12-27 17:00:00,1081.0,1280.2517220193972,1777.0
2023-12-27 18:00:00,1096.0,1147.3624463425194,1757.0
2023-12-27 19:00:00,1121.0,1021.7539164388238,1646.0
2023-12-27 20:00:00,1020.0,875.8707804276007,1411.0
2023-12-27 21:00:00,880.0,713.0473986228001,1142.0
2023-12-27 22:00:00,864.0,650.737780410014,1061.0
2023-12-27 23:00:00,849.5,620.1211329673539,1027.0
2023-12-28 00:00:00,835.0,587.7371910257802,993.0
2023-12-28 01:00:00,833.0,570.5305851109742,958.0
2023-12-28 02:00:00,826.0,559.3476924304279,948.0
2023-12-28 03:00:00,817.0,546.469666742134,914.0
2023-12-28 04:00:00,839.0,545.4729241073146,943.0
2023-12-28 05:00:00,834.0,560.9648968345615,933.0
2023-12-28 06:00:00,932.0,883.9366186935405,1064.0
2023-12-28 07:00:00,1106.0,1023.1588654659779,1657.0
2023-12-28 08:00:00,1280.0,1162.3639245804654,2250.0
2023-12-28 09:00:00,1319.0,1316.3452025213965,2525.0
2023-12-28 10:00:00,1334.0,1378.3578584879322,2533.0
2023-12-28 11:00:00,1326.0,1464.1275364445835,2472.0
2023-12-28 12:00:00,1246.0,1551.330097105108,2423.0
2023-12-28 13:00:00,1166.0,1541.8671273179566,2118.0
2023-12-28 14:00:00,1053.0,1411.812155293258,1801.0
2023-12-28 15:00:00,1058.0,1303.8722178195515,1625.0
2023-12-28 16:00:00,1069.0,1349.1251205278502,1672.0
2023-12-28 17:00:00,1079.0,1273.5593196093703,1555.0
2023-12-28 18:00:00,1116.0,1140.6700439324925,1544.0
2023-12-28 19:00:00,1128.0,1015.0615140287969,1522.0
2023-12-28 20:00:00,1015.0,869.1783780175738,1303.0
2023-12-28 21:00:00,885.0,706.3549962127731,1068.0
2023-12-28 22:00:00,863.0,644.0453779999871,1015.0
2023-12-28 23:00:00,849.0,613.428730557327,996.5
2023-12-29 00:00:00,835.0,581.0447886157533,978.0
2023-12-29 01:00:00,835.0,563.8381827009473,951.0
2023-12-29 02:00:00,849.0,552.6552900204009,955.0
2023-12-29 03:00:00,831.0,539.777264332107,916.0
2023-12-29 04:00:00,841.0,538.7805216972877,916.0
2023-12-29 05:00:00,841.0,554.2724944245346,916.0
2023-12-29 06:00:00,927.0,877.2442162835135,1043.0
2023-12-29 07:00:00,973.5,1016.466463055951,1467.0
2023-12-29 08:00:00,1020.0,1155.6715221704385,1891.0
2023-12-29 09:00:00,1008.0,1309.6528001113695,2094.0
2023-12-29 10:00:00,1020.0,1371.6654560779052,2074.0
2023-12-29 11:00:00,988.0,1457.4351340345565,2008.0
2023-12-29 12:00:00,953.0,1544.637694695081,1866.0
2023-12-29 13:00:00,922.0,1535.1747249079297,1619.0
2023-12-29 14:00:00,897.0,1405.119752883231,1395.0
2023-12-29 15:00:00,877.0,1297.1798154095245,1233.0
2023-12-29 16:00:00,895.0,1342.4327181178232,1172.0
2023-12-29 17:00:00,901.0,1266.8669171993433,1130.0
2023-12-29 18:00:00,920.0,1133.9776415224655,1224.0
2023-12-29 19:00:00,929.0,1008.3691116187699,1222.0
2023-12-29 20:00:00,887.0,862.4859756075468,1115.0
2023-12-29 21:00:00,868.0,699.6625938027462,957.0
2023-12-29 22:00:00,862.0,637.3529755899601,903.0
2023-12-29 23:00:00,849.5,606.7363281473,892.5
2023-12-30 00:00:00,837.0,574.3523862057264,882.0
2023-12-30 01:00:00,846.0,557.1457802909204,868.0
2023-12-30 02:00:00,829.0,545.962887610374,857.0
2023-12-30 03:00:00,813.0,533.0848619220801,842.0
2023-12-30 04:00:00,817.0,532.0881192872607,850.0
2023-12-30 05:00:00,819.0,547.5800920145076,866.0
2023-12-30 06:00:00,854.0,870.5518138734866,887.0
2023-12-30 07:00:00,861.0,1009.774060645924,882.5
2023-12-30 08:00:00,868.0,1148.9791197604115,878.0
2023-12-30 09:00:00,845.0,1302.9603977013426,885.0
2023-12-30 10:00:00,848.0,1364.9730536678783,889.0
2023-12-30 11:00:00,869.0,1450.7427316245296,876.0
2023-12-30 12:00:00,854.0,1537.9452922850542,863.0
2023-12-30 13:00:00,848.0,1528.4823224979027,850.0
2023-12-30 14:00:00,833.0,1398.4273504732041,854.0
2023-12-30 15:00:00,829.0,1290.4874129994976,853.0
2023-12-30 16:00:00,836.0,1335.7403157077963,842.0
2023-12-30 17:00:00,844.0,1260.1745147893164,859.0
2023-12-30 18:00:00,890.0,1127.2852391124386,915.0
2023-12-30 19:00:00,905.0,1001.676709208743,932.0
2023-12-30 20:00:00,870.0,855.7935731975199,881.0
2023-12-30 21:00:00,847.0,692.9701913927192,882.0
2023-12-30 22:00:00,835.0,630.6605731799332,855.0
2023-12-30 23:00:00,823.0,600.0439257372731,848.0
2023-12-31 00:00:00,811.0,567.6599837956994,841.0
2023-12-31 01:00:00,817.0,550.4533778808934,834.0
2023-12-31 02:00:00,821.0,539.270485200347,833.0
2023-12-31 03:00:00,807.0,526.3924595120532,825.0
2023-12-31 04:00:00,820.0,525.3957168772338,820.0
2023-12-31 05:00:00,811.0,540.8876896044807,847.0
2023-12-31 06:00:00,841.0,863.8594114634597,864.0
2023-12-31 07:00:00,840.0,1003.0816582358971,856.5
2023-12-31 08:00:00,839.0,1142.2867173503846,849.0
2023-12-31 09:00:00,796.0,1296.2679952913156,818.0
2023-12-31 10:00:00,799.0,1358.2806512578513,810.0
2023-12-31 11:00:00,791.0,1444.0503292145027,811.0
2023-12-31 12:00:00,801.0,1531.2528898750272,805.0
2023-12-31 13:00:00,776.0,1521.7899200878758,804.0
2023-12-31 14:00:00,769.0,1391.7349480631772,800.0
2023-12-31 15:00:00,777.0,1283.7950105894706,800.0
2023-12-31 16:00:00,769.0,1329.0479132977694,795.0
2023-12-31 17:00:00,806.0,1253.4821123792894,797.0
2023-12-31 18:00:00,852.0,1120.5928367024117,848.0
2023-12-31 19:00:00,874.0,994.984306798716,880.0
2023-12-31 20:00:00,874.0,849.101170787493,852.0
2023-12-31 21:00:00,834.0,686.2777889826923,835.0
2023-12-31 22:00:00,823.0,623.9681707699062,824.0
2023-12-31 23:00:00,823.0,593.3515233272461,818.0
